design_id,Sequence B,MPNN score,MPNN seq recovery,AF2 pLDDT,AF2 pTM score,AF2 Interface pTM score,AF2 pAE,AF2 Interface PAE,AF2 Interface pLDDT,AF2 Secondary Structure pLDDT,Unrelaxed Clashes,Relaxed Clashes,PyRosetta Binder Energy Score,Surface Hydrophobicity,Shape Complementarity,PackStat,PyRosetta Interface dG,Delta SASA,PyRosetta dG/dSASA,Interface SASA %,Interface Hydrophobicity,Num Interface Residues,Num Interface Hbonds,Interface Hbonds %,N Interface Unsat Hbonds,Interface Unsat Hbonds %,Interface Helix %,Interface Beta Sheet %,Interface Loop %,Binder Helix %,Binder BetaSheet %,Binder Loop %,AF2 Target-aligned Binder RMSD,AF2 Target RMSD,AF2 Binder pLDDT,AF2 Binder pTM score,AF2 Binder pAE,AF2 Binder-aligned Binder RMSD,Binder Interface Residues,Sequence length,Ala %,Cys %,Asp %,Glu %,Phe %,Gly %,His %,Ile %,Lys %,Leu %,Met %,Asn %,Pro %,Gln %,Arg %,Ser %,Thr %,Val %,Trp %,Tyr %,Nonpolar residues %,Polar uncharged residues %,Positive residues %,Negative residues %,Turn forming residues %,Aromatic residues %,DENQ %,Aromaticity,Charge at pH 5.5,Charge at pH 7.4,Isoelectric point,MEC reduced,MEC cystines,Helix-forming residues %,Sheet-forming residues %,Turn-forming residues %,Flexibility average,GRAVY,Instability index,Molecular weight,Sequence entropy,ESM-1v likelihood,ESM-IF likelihood,Sequence solubility (percentage),Sequence solubility (scaled),DSSP Helix %,DSSP Beta Sheet %,DSSP Turn %,DSSP Isolated beta bridge residue %,DSSP 3-10 helix %,DSSP Pi helix %,DSSP Bend %,DSSP No secondary structure residues %,Asphericity,Shape parameter,Radius of gyration (all atom),Radius of gyration normalized,Ramachandran allowed angles %,Ramachandran marginally allowed angles %,Ramachandran outliers angles %,Hydrophobic patch area,Normalized hydrophobic patch area,Hydrophobic top1 patch area,Normalized hydrophobic top1 patch area,Hydrophobic SAP score,Hydrophobic SASA,Hydrophobicity potential,Positive patch area at pH 5.5,Normalized positive patch area at pH 5.5,Positive top1 patch area at pH 5.5,Normalized positive top1 patch area at pH 5.5,Negative patch area at pH 5.5,Normalized negative patch area at pH 5.5,Negative top1 patch area at pH 5.5,Normalized negative top1 patch area at pH 5.5,Electrostatic volume integral at pH 5.5,Positive electrostatic regions volume integral at pH 5.5,Negative electrostatic regions volume integral at pH 5.5,Positive electrostatic volume integral at pH 5.5,Negative electrostatic volume integral at pH 5.5,Positive patch area at pH 7.4,Normalized positive patch area at pH 7.4,Positive top1 patch area at pH 7.4,Normalized positive top1 patch area at pH 7.4,Negative patch area at pH 7.4,Normalized negative patch area at pH 7.4,Negative top1 patch area at pH 7.4,Normalized negative top1 patch area at pH 7.4,Electrostatic volume integral at pH 7.4,Positive electrostatic regions volume integral at pH 7.4,Negative electrostatic regions volume integral at pH 7.4,Positive electrostatic volume integral at pH 7.4,Negative electrostatic volume integral at pH 7.4
ovo_rsj_rank01_bindcraft,MREDPEFVEVMEELAKVIEKYAPKATSEPIPKSVRDENGKVNTSEVYSVFLYIMYSDDLSEAEKEMREELKKVIKEKTGQVFE,0.87,0.63,89.0,0.9,0.83,4.96,5.2700000000000005,86.0,93.0,3.0,0.0,-227.82,0.27,0.67,0.6,-51.59,2042.72,-2.54,43.82,56.95,23.0,7.0,30.29,3.5,15.14,63.34,0.0,36.66,61.45,0.0,38.55,1.35,0.22,90.0,0.8,4.03,1.26,"B1,B2,B3,B4,B6,B7,B10,B11,B14,B43,B44,B45,B47,B48,B50,B51,B52,B55,B56,B57,B74,B78,B80,B81,B82",83,4.819277108433735,0.0,4.819277108433735,19.27710843373494,3.614457831325301,2.409638554216868,0.0,4.819277108433735,12.048192771084338,4.819277108433735,4.819277108433735,2.409638554216868,4.819277108433735,1.2048192771084338,3.614457831325301,7.228915662650602,3.614457831325301,10.843373493975903,0.0,4.819277108433735,27.710843373493976,19.27710843373494,15.66265060240964,24.09638554216868,16.867469879518072,8.433734939759036,27.710843373493976,0.0843373493975903,-5.433746125154528,-7.728454570972435,4.7013463973999015,5960,5960,45.78313253012048,32.53012048192771,21.686746987951807,1.0184419240669242,-0.7000000000000001,30.77710843373493,9679.8919,3.300440062794505,0.7100315474602114,0.5164039362984968,104.455,0.919,56.62650602409639,0.0,6.024096385542169,2.409638554216868,3.614457831325301,0.0,4.819277108433735,22.89156626506024,0.0832922039879259,0.0006254981816373,12.638400809368134,0.9657799213015328,96.29629629629628,3.7037037037037033,0.0,591.8994025573953,0.1052797682569862,546.6789496140085,0.0972365116059642,-124.3845824312128,58.580185,-377.4539776696505,35.75545418237266,0.006359739364458,35.75545418237266,0.006359739364458,1857.5756127469624,0.3304026481271297,1736.4747529039769,0.3088627202189326,-36524.32084613297,1148.2961540875797,-25831.17693873593,3399.649155558164,-39923.97000169114,35.75545418237266,0.006359739364458,35.75545418237266,0.006359739364458,1857.5756127469624,0.3304026481271297,1736.4747529039769,0.3088627202189326,-36524.32084613297,1148.2961540875797,-25831.17693873593,3399.649155558164,-39923.97000169114
ovo_rsj_rank02_bindcraft,MKPTQADVDKLIDEMMSLQDHPEGPTWEEFSRVMRNIWEYMENGDLEAFEEAKKIVDEVKKRVA,0.96,0.49,94.0,0.9,0.83,3.72,4.65,93.0,94.0,4.5,0.0,-169.13,0.33,0.67,0.65,-47.67,1825.65,-2.61,51.23,47.37,19.0,7.0,36.84,3.5,18.42,76.39,0.0,23.61,75.78,0.0,24.22,0.86,0.22,94.0,0.8,2.48,0.92,"B5,B9,B12,B13,B16,B17,B19,B20,B25,B26,B27,B30,B31,B34,B35,B37,B38,B41,B42",64,6.25,0.0,9.375,15.625,3.125,3.125,1.5625,4.6875,9.375,4.6875,7.8125,3.125,4.6875,3.125,4.6875,3.125,3.125,7.8125,3.125,1.5625,26.5625,14.0625,15.625,25.0,14.0625,7.8125,31.25,0.078125,-5.244627693490658,-7.682213065111142,4.54060573577881,12490,12490,43.75,28.125,23.4375,1.0137681818181816,-0.8375,40.5671875,7585.5169,3.532877009704022,0.7301283371634781,0.4099210697604576,107.202,0.944,73.4375,0.0,9.375,0.0,0.0,0.0,1.5625,15.625,0.1610598282715611,0.1210569266823509,11.583476942006016,0.9652897451671684,96.7741935483871,3.225806451612903,0.0,576.1787142380501,0.1314430312274807,230.72839051577225,0.0526358199117731,93.28047423490902,45.54184,353.47225146731347,36.07270545956271,0.0082292275521689,35.4043398702197,0.0080767540281381,1266.7145922435834,0.2889742393985566,679.3822447818056,0.1549867418034402,-27511.07094402248,1407.1065486702005,-18997.2127505512,3594.2190052805604,-31105.28994930304,35.28613795690762,0.0080497887526104,34.61777236756461,0.0078973152285796,1489.5078553832643,0.3397998272248407,905.230772442819,0.2065093238434323,-31984.70859613745,1266.26304813188,-22859.997680294506,3288.4900001601595,-35273.19859629762
ovo_rsj_rank03_bindcraft,SMKKKELEKEVDKILEEMVKRAEEVSRNGTPEEGDKYWKEEMEKLMKVLKELENL,1.07,0.29,92.0,0.9,0.83,4.340000000000001,4.65,93.0,93.0,1.0,0.0,-133.54,0.28,0.63,0.6,-46.63,1642.34,-2.83,45.04,57.81,22.5,4.5,19.96,3.0,13.44,100.0,0.0,0.0,91.82,0.0,8.18,0.79,0.21,94.0,0.72,3.1,1.12,"B11,B12,B15,B16,B18,B19,B21,B22,B23,B25,B26,B31,B34,B35,B37,B38,B39,B41,B42,B45,B46,B49,B53",55,1.818181818181818,0.0,3.636363636363636,25.454545454545453,0.0,3.636363636363636,0.0,1.818181818181818,20.0,10.909090909090908,7.272727272727272,3.636363636363636,1.818181818181818,0.0,3.636363636363636,3.636363636363636,1.818181818181818,7.272727272727272,1.818181818181818,1.818181818181818,25.454545454545453,10.909090909090908,23.63636363636364,29.09090909090909,12.727272727272728,3.636363636363636,32.72727272727273,0.0363636363636363,-1.8109303433481792,-3.7603054146306274,5.051758766174316,6990,6990,65.45454545454545,25.454545454545453,16.363636363636363,1.0321728778467911,-1.2418181818181817,33.18181818181818,6626.6065,3.186171448812012,0.7374939730898901,0.4144147267073012,106.691,0.939,90.9090909090909,0.0,1.818181818181818,0.0,0.0,0.0,0.0,7.272727272727272,0.4551067454321453,0.5451188636083115,13.367155831261533,1.1716472021131783,96.22641509433964,1.8867924528301887,1.8867924528301887,484.3001247802553,0.1080276860712439,217.78153053282008,0.048578213402669,-162.01367806621596,46.580585,-582.101048471154,179.8208743195301,0.0401107329238474,177.70563311327902,0.03963890852963,819.6700876054782,0.1828351023985604,410.8772100513202,0.0916500161576298,-16045.71866780992,2693.580475712188,-11465.700394510945,5933.390553802959,-21979.10922161288,179.8208743195301,0.0401107329238474,177.70563311327902,0.03963890852963,819.6700876054782,0.1828351023985604,410.8772100513202,0.0916500161576298,-16045.71866780992,2693.580475712188,-11465.700394510945,5933.390553802959,-21979.10922161288
ovo_rsj_rank04_bindcraft,SPELEKLKKEVDEILKEMVERAEEVSRNGTPEEGDKYWKEEMEKLMKVLKEIENL,1.08,0.29,92.0,0.9,0.82,4.340000000000001,4.96,91.0,92.0,1.0,0.0,-138.21,0.31,0.67,0.59,-47.75,1661.28,-2.88,45.94,53.09,24.5,4.0,16.34,3.0,12.25,100.0,0.0,0.0,91.82,0.0,8.18,0.8,0.2,94.0,0.71,2.79,1.23,"B11,B12,B15,B18,B19,B21,B22,B23,B25,B26,B27,B29,B30,B31,B34,B35,B37,B38,B39,B41,B42,B45,B46,B49,B53",55,1.818181818181818,0.0,3.636363636363636,27.27272727272727,0.0,3.636363636363636,0.0,3.636363636363636,16.363636363636363,10.909090909090908,5.454545454545454,3.636363636363636,3.636363636363636,0.0,3.636363636363636,3.636363636363636,1.818181818181818,7.272727272727272,1.818181818181818,1.818181818181818,27.27272727272727,10.909090909090908,20.0,30.909090909090907,14.545454545454543,3.636363636363636,34.54545454545455,0.0363636363636363,-4.72903527503976,-6.754173468356216,4.680259132385253,6990,6990,61.81818181818181,27.27272727272727,18.181818181818183,1.030944358178054,-1.1454545454545455,46.44909090909089,6578.4527,3.1934873235183074,0.7454578960483724,0.3949672482230446,106.691,0.939,90.9090909090909,0.0,1.818181818181818,0.0,0.0,0.0,0.0,7.272727272727272,0.4524695075510591,0.5404704782590894,13.31045897440438,1.1666776547731272,92.45283018867924,7.547169811320755,0.0,578.5178982096635,0.1310691320730528,368.0924901915342,0.0833951090559486,-103.94299008768054,45.99916,-318.16483213602805,38.62845039341144,0.0087516695370356,24.55022593927561,0.0055621041561829,1157.038446985137,0.2621388646588319,970.7044694118832,0.2199230009978688,-29496.396802347503,383.8325963497946,-16679.919237855298,912.1145844315084,-30408.51138677901,38.62845039341144,0.0087516695370356,24.55022593927561,0.0055621041561829,1157.038446985137,0.2621388646588319,970.7044694118832,0.2199230009978688,-29496.396802347503,383.8325963497946,-16679.919237855298,912.1145844315084,-30408.51138677901
ovo_rsj_rank05_bindcraft,MLSEELKEKIKELLEEGYNLVKEMVSKGKPNFKEIEEKLKPKFEEIKNSFESEEDKELVDKIFDQVLSYIFSWMIYEHHNYKDMPTVDDILEELEKQVP,1.05,0.3,89.0,0.89,0.82,5.2700000000000005,6.2,91.0,91.0,2.5,0.0,-271.35,0.15,0.7,0.67,-43.52,1498.09,-2.91,26.67,48.97,18.5,4.0,21.32,2.0,10.88,75.0,0.0,25.0,77.28,0.0,22.73,3.65,0.23,91.0,0.79,3.72,1.29,"B30,B31,B32,B64,B65,B67,B68,B69,B71,B72,B74,B75,B76,B79,B80,B81,B93",99,0.0,0.0,6.0606060606060606,20.2020202020202,5.05050505050505,2.0202020202020203,2.0202020202020203,7.07070707070707,15.151515151515152,10.1010101010101,4.040404040404041,4.040404040404041,4.040404040404041,2.0202020202020203,0.0,6.0606060606060606,1.0101010101010102,6.0606060606060606,1.0101010101010102,4.040404040404041,25.252525252525253,17.17171717171717,17.17171717171717,26.262626262626267,16.161616161616163,10.1010101010101,32.323232323232325,0.101010101010101,-7.67544716504203,-11.66437077184396,4.644223213195801,11460,11460,49.494949494949495,34.34343434343434,22.222222222222225,1.019564682539683,-0.8020202020202021,41.29090909090909,11944.5036,3.19248840271662,0.7517821976933816,0.4723004635501032,92.49,0.808,75.75757575757575,0.0,7.07070707070707,0.0,0.0,0.0,3.0303030303030303,11.11111111111111,0.2022749176825869,0.1263386202801442,14.06621343915022,1.0135477568393283,96.90721649484536,3.09278350515464,0.0,839.6185641765835,0.1339452831494317,523.22591290154,0.0834708116815495,-197.10192243384373,65.56253,-356.258489872723,207.11394041699444,0.0330411172132138,179.22955141430077,0.0285926896298176,2577.857850083841,0.4112485292498197,2522.237033212765,0.4023752784873078,-45614.86335596326,3021.028780186155,-36467.1775596266,6451.557170125105,-52066.42052608836,14.596471953989749,0.0023285914012362,8.893037931236904,0.001418716229704,2726.446233172533,0.4349529992254803,2654.7277142064336,0.4235116641480537,-55180.545033590926,577.2246163529496,-39145.83478289806,1813.723206645456,-56994.26824023639
ovo_rsj_rank06_bindcraft,SKEVVENILKSAKEMKERIKKYLEENPELSEEKKKELEEMLKEVEEVIKHAEGKGDLSPEEMIEKLWKVWVKFTTLEDE,0.9,0.38,93.0,0.89,0.81,4.340000000000001,5.2700000000000005,92.0,94.0,0.5,0.0,-221.39,0.18,0.6,0.6,-37.0,1409.11,-2.62,29.59,43.53,16.0,6.0,37.64,1.5,9.61,100.0,0.0,0.0,82.28,0.0,17.72,1.25,0.22,93.0,0.78,3.41,0.92,"B4,B7,B11,B14,B18,B63,B64,B66,B67,B70,B71,B74,B75,B77,B78",79,2.5316455696202533,0.0,2.5316455696202533,26.58227848101265,1.2658227848101269,2.5316455696202533,1.2658227848101269,5.063291139240507,18.9873417721519,10.126582278481012,3.79746835443038,2.5316455696202533,2.5316455696202533,0.0,1.2658227848101269,5.063291139240507,2.5316455696202533,7.59493670886076,2.5316455696202533,1.2658227848101269,27.848101265822784,11.39240506329114,21.51898734177216,29.11392405063291,12.658227848101266,5.063291139240507,31.64556962025317,0.050632911392405,-4.347109079062253,-7.723738412654747,4.90716037750244,12490,12490,62.0253164556962,30.37974683544304,15.189873417721522,1.0279540816326531,-1.008860759493671,51.50253164556962,9433.7366,2.9682508319695944,0.7712554896038167,0.4742479552220128,109.117,0.962,79.74683544303798,0.0,2.5316455696202533,0.0,0.0,6.329113924050633,1.2658227848101269,10.126582278481012,0.269580633639337,0.2798518247674925,13.277878655405814,1.0314901304473298,96.1038961038961,3.896103896103896,0.0,533.8204680404893,0.0985950204351308,373.4380874786258,0.0689728814658688,-385.7593706389103,56.243378,-1072.540657632971,60.23729869290795,0.011125646263406,28.707774594780176,0.0053022388467217,1140.6429324029782,0.2106732880480881,734.1581359913824,0.1355967797308171,-27966.05589497878,1578.7216854344729,-20557.09609651556,4550.678998427907,-32516.73489340669,32.60444224448452,0.0060219415362079,23.680028494626868,0.0043736293999785,1282.8558778726972,0.2369395874955338,741.5137493792889,0.1369553392011118,-32921.161254989456,940.733365720474,-22585.223728098263,2971.2455998009923,-35892.406854790446
ovo_rsj_rank07_bindcraft,APPLSDEEKWEITVKKIDKIEKEFKEKALNSKDEKLSPEEVYEKLRPEMDEKIIEVIRRAEEGKITPEDL,0.94,0.42,89.0,0.9,0.81,5.2700000000000005,5.58,92.0,92.0,7.5,0.0,-178.47,0.33,0.68,0.61,-40.45,1696.92,-2.38,35.23,46.19,19.5,3.5,18.02,1.5,7.76,100.0,0.0,0.0,72.86,0.0,27.14,1.6,0.22,88.0,0.68,4.96,1.6,"B6,B7,B9,B10,B13,B14,B17,B18,B21,B43,B46,B49,B50,B53,B54,B57,B60,B61,B62,B65",70,4.285714285714286,0.0,7.142857142857142,22.857142857142858,1.4285714285714286,1.4285714285714286,0.0,10.0,17.142857142857142,7.142857142857142,1.4285714285714286,1.4285714285714286,7.142857142857142,0.0,4.285714285714286,4.285714285714286,2.857142857142857,4.285714285714286,1.4285714285714286,1.4285714285714286,27.142857142857142,10.0,21.428571428571427,30.0,14.285714285714285,4.285714285714286,31.428571428571427,0.0428571428571428,-4.516742158925041,-6.404681165630825,4.773588752746583,6990,6990,52.85714285714286,28.571428571428577,21.42857142857143,1.0319500390320064,-1.1214285714285714,60.38428571428572,8282.341400000001,3.027245911195971,0.7418411884989057,0.4705763880030385,107.103,0.9429999999999998,68.57142857142857,0.0,7.142857142857142,0.0,4.285714285714286,0.0,1.4285714285714286,12.857142857142856,0.495940722660507,0.6902678640443033,15.046298172832604,1.2169583902649286,100.0,0.0,0.0,682.5717813970588,0.1219301982230218,363.93698782584863,0.0650113442654639,-197.4678760293266,58.384422,-486.1903564171069,128.81488435974842,0.0230106558930879,75.82514689319399,0.0135449127006889,1569.4464704926595,0.2803557434734827,550.4481095937518,0.0983284819903968,-29846.11181684257,1681.5541897912997,-21018.84268179131,4352.939745413003,-34199.05156225557,128.81488435974842,0.0230106558930879,75.82514689319399,0.0135449127006889,1569.4464704926595,0.2803557434734827,550.4481095937518,0.0983284819903968,-29846.11181684257,1681.5541897912997,-21018.84268179131,4352.939745413003,-34199.05156225557
ovo_rsj_rank08_bindcraft,MKPLTDDEKWEITVKKIDKIEEEYKEKAKNSKDKSLSPEEVYEKLRPEMDKKIIEVIDKAEKGEITEEDL,0.92,0.45,90.0,0.89,0.81,5.2700000000000005,5.58,92.0,92.0,7.0,0.0,-181.02,0.26,0.69,0.62,-41.83,1738.97,-2.4,36.91,41.88,21.5,3.0,13.96,2.5,11.69,100.0,0.0,0.0,72.86,0.0,27.14,1.41,0.22,87.0,0.65,5.58,1.54,"B6,B7,B9,B10,B11,B13,B14,B17,B18,B21,B43,B46,B49,B50,B53,B54,B57,B60,B61,B62,B63,B65",70,2.857142857142857,0.0,10.0,21.428571428571427,0.0,1.4285714285714286,0.0,10.0,21.428571428571427,5.714285714285714,2.857142857142857,1.4285714285714286,4.285714285714286,0.0,1.4285714285714286,4.285714285714286,4.285714285714286,4.285714285714286,1.4285714285714286,2.857142857142857,24.285714285714285,12.857142857142856,22.857142857142858,31.428571428571427,11.428571428571429,4.285714285714286,32.857142857142854,0.0428571428571428,-4.552759397274791,-6.737794907639074,4.772736167907715,8480,8480,54.285714285714285,28.57142857142857,21.42857142857143,1.0362591725214676,-1.2857142857142858,53.15571428571427,8325.381099999999,2.9819404773518725,0.7622830825192588,0.4812931216504824,107.103,0.9429999999999998,70.0,0.0,5.714285714285714,0.0,4.285714285714286,0.0,1.4285714285714286,14.285714285714285,0.5032694614911498,0.7090355072790927,15.07832677497086,1.2195488929688418,97.05882352941175,2.941176470588235,0.0,545.2951293090342,0.0991952405284677,352.6414292908099,0.0641493927208364,-304.59979519791904,57.309906,-857.506235645516,107.471987324825,0.0195503481688293,63.84050538981897,0.0116132969968509,1787.8738296915458,0.3252341072540501,1555.751789458523,0.2830085299927058,-30879.307672537943,2848.0686141185547,-23742.18393083913,6502.174690543943,-37381.48236308188,107.471987324825,0.0195503481688293,63.84050538981897,0.0116132969968509,1787.8738296915458,0.3252341072540501,1555.751789458523,0.2830085299927058,-30879.307672537943,2848.0686141185547,-23742.18393083913,6502.174690543943,-37381.48236308188
ovo_rsj_rank09_bindcraft,SKEEVIEEAREAARKVMEGEEPQEHENPYVHMAEVFTMMYRDYTGGKAPIEEAVEHVMKIVEEFIEKYM,0.8,0.58,92.0,0.89,0.8,4.340000000000001,5.2700000000000005,91.0,93.0,5.0,0.0,-167.87,0.32,0.63,0.66,-37.39,1402.54,-2.69,35.95,76.11,16.5,3.0,18.34,1.5,8.89,100.0,0.0,0.0,75.36,0.0,24.64,1.15,0.22,94.0,0.81,2.48,1.16,"B28,B31,B32,B35,B36,B38,B39,B40,B42,B43,B56,B57,B60,B64,B68",69,8.695652173913043,0.0,1.4492753623188406,24.637681159420293,2.898550724637681,4.3478260869565215,4.3478260869565215,5.797101449275362,7.246376811594203,0.0,8.695652173913043,1.4492753623188406,4.3478260869565215,1.4492753623188406,4.3478260869565215,1.4492753623188406,2.898550724637681,10.144927536231885,0.0,5.797101449275362,28.98550724637681,13.043478260869565,15.942028985507244,26.08695652173913,11.594202898550725,8.695652173913043,28.98550724637681,0.0869565217391304,-6.345883490664178,-10.64001863266948,4.6217149734497065,5960,5960,49.27536231884058,27.536231884057973,13.043478260869565,1.0095589285714286,-0.736231884057971,63.178260869565214,8150.1248,3.310207823735104,0.691531049573551,0.4347897414657948,97.567,0.855,73.91304347826086,0.0,7.246376811594203,0.0,0.0,0.0,4.3478260869565215,7.246376811594203,0.1296548476148475,0.0703156944454515,11.631821322340992,0.9453154820785826,97.01492537313432,2.985074626865672,0.0,654.6983160937357,0.1462636256004962,597.9433081740242,0.1335842081875249,1.6484034467354718,46.840908,43.77741867109336,25.28969972558798,0.0056498742722942,25.111116817700804,0.0056099777536447,1482.713436811779,0.3312472900321518,1455.2872143407822,0.3251201034539608,-33603.48787240725,758.5376813453483,-23921.268597375587,2390.016808548088,-35993.50468095534,0.0,0.0,,,2009.232030555011,0.448874778256719,1959.80370385254,0.4378321864351843,-49136.16931929842,139.82584435405315,-35072.10085443887,525.528219174484,-49661.6975384729
ovo_rsj_rank10_bindcraft,SKEEVIEEAREEALRVLEGEEPKEHENPYVHMAAVFTMMYRDYTGGKMPKEEGLEHVMKIVNKFIEEYM,0.82,0.6,89.0,0.89,0.79,4.96,5.58,87.0,91.0,2.5,0.0,-164.75,0.33,0.67,0.68,-43.62,1622.74,-2.69,42.56,73.68,19.0,4.0,21.05,3.5,18.42,92.85,0.0,7.14,73.91,0.0,26.09,1.57,0.22,93.0,0.8,2.48,1.17,"B22,B28,B29,B31,B32,B35,B36,B38,B39,B40,B42,B43,B56,B57,B60,B63,B64,B67,B68",69,5.797101449275362,0.0,1.4492753623188406,23.18840579710145,2.898550724637681,5.797101449275362,4.3478260869565215,4.3478260869565215,8.695652173913043,4.3478260869565215,8.695652173913043,2.898550724637681,4.3478260869565215,0.0,4.3478260869565215,1.4492753623188406,2.898550724637681,8.695652173913043,0.0,5.797101449275362,28.98550724637681,13.043478260869565,17.391304347826086,24.637681159420293,14.492753623188406,8.695652173913043,27.536231884057973,0.0869565217391304,-4.427746937195966,-8.643644986276607,4.794391822814942,5960,5960,50.72463768115942,28.98550724637681,15.942028985507244,1.0102251984126984,-0.7608695652173914,71.7072463768116,8177.236199999999,3.284789963756075,0.709000520705097,0.4242832134207845,97.567,0.855,72.46376811594203,0.0,8.695652173913043,0.0,0.0,0.0,4.3478260869565215,7.246376811594203,0.1137258972007644,0.0576252869516565,11.708260435892509,0.9515276715091256,97.01492537313432,2.985074626865672,0.0,708.5206526131672,0.151122112192323,606.9955891964956,0.1294675817740493,0.7605812105636005,49.18856,60.97440760659913,227.24808123657525,0.048470302032076,217.0164028221893,0.0462879621841806,970.5609059507948,0.2070133221630425,399.5247512361423,0.0852156165910416,-23325.40582554704,2058.6405579610564,-15196.47358681962,4118.7258499116815,-27444.13167545872,34.786296110288546,0.0074196546341247,32.57996689597739,0.0069490612508146,1598.7363990779393,0.3409984177261749,1217.2228479377088,0.2596244542917123,-39078.93502638157,494.1673363980474,-25796.03443747856,1223.6137224373203,-40302.548748818896
ovo_rsj_rank11_bindcraft,MREDPEFVKVMEKLAEVLEKYAKDATTEPIKESVRDENGEVDTSEVYSQFLYIMYSDNLSEAEKKMREELIKVIKEMTGQVFE,0.87,0.54,86.0,0.88,0.79,5.89,6.51,84.0,90.0,3.0,0.0,-224.82,0.27,0.65,0.61,-44.61,1871.88,-2.39,39.71,53.42,23.5,4.0,17.41,3.5,14.91,66.97,0.0,33.03,59.04,0.0,40.96,1.65,0.22,89.0,0.78,4.65,2.05,"B1,B2,B3,B4,B6,B7,B10,B11,B14,B29,B43,B44,B47,B48,B50,B51,B52,B55,B56,B57,B67,B74,B78,B80,B81,B82,B83",83,4.819277108433735,0.0,6.024096385542169,19.27710843373494,3.614457831325301,2.409638554216868,0.0,4.819277108433735,10.843373493975903,6.024096385542169,6.024096385542169,2.409638554216868,2.409638554216868,2.409638554216868,3.614457831325301,6.024096385542169,4.819277108433735,9.63855421686747,0.0,4.819277108433735,27.710843373493976,20.48192771084337,14.457831325301203,25.301204819277107,13.253012048192772,8.433734939759036,30.120481927710845,0.0843373493975903,-7.399448952093071,-9.725502494150144,4.541003608703614,5960,5960,46.98795180722892,33.734939759036145,19.27710843373494,1.0164081402831406,-0.6795180722891566,23.04096385542168,9759.955,3.349369713175757,0.7044585146099688,0.4742401693975665,104.455,0.919,57.831325301204814,0.0,8.433734939759036,2.409638554216868,0.0,0.0,6.024096385542169,21.686746987951807,0.0842269486390454,0.000389948997763,12.702106356729985,0.970648063991864,97.53086419753086,2.469135802469136,0.0,680.1114106362413,0.1195019901455287,634.2765472612862,0.1114483723033703,-57.07468289568087,59.24595,-197.38464332377492,44.57761296364424,0.0078327070856069,43.94398100915805,0.0077213719743343,2204.687735855863,0.3873844313797726,2108.880077183934,0.3705501220248269,-47463.98269223447,1004.7861621205092,-34360.68738456185,2744.3652419114123,-50208.34793414589,44.57761296364424,0.0078327070856069,43.94398100915805,0.0077213719743343,2204.687735855863,0.3873844313797726,2108.880077183934,0.3705501220248269,-47463.98269223447,1004.7861621205092,-34360.68738456185,2744.3652419114123,-50208.34793414589
ovo_rsj_rank12_bindcraft,KKPLSEEEKKKVKDQLFDVVMEMLRRMFKEGMTEEEREIFDWIDEAMIDDSKLDNVPEKLIELAKKRGVPFEY,0.88,0.47,86.0,0.87,0.73,6.2,7.13,85.0,88.0,4.0,0.0,-203.63,0.3,0.69,0.67,-45.98,1571.51,-2.92,35.62,64.59,15.5,4.5,29.16,3.0,19.38,100.0,0.0,0.0,74.66,0.0,25.34,2.01,0.22,88.0,0.69,4.340000000000001,1.31,"B10,B14,B17,B20,B21,B24,B25,B26,B27,B28,B29,B40,B43,B44,B47,B48",73,2.73972602739726,0.0,9.58904109589041,17.80821917808219,5.47945205479452,2.73972602739726,0.0,5.47945205479452,15.068493150684931,8.21917808219178,6.849315068493151,1.36986301369863,4.10958904109589,1.36986301369863,5.47945205479452,2.73972602739726,1.36986301369863,6.849315068493151,1.36986301369863,1.36986301369863,26.02739726027397,8.21917808219178,20.54794520547945,27.3972602739726,10.95890410958904,8.21917808219178,30.136986301369863,0.0821917808219178,-3.695513446652216,-5.4550194360709625,4.814342308044433,6990,6990,50.68493150684932,30.136986301369863,20.54794520547945,1.01861328125,-0.8479452054794521,64.3931506849315,8823.1308,3.1987304697183747,0.7234381716698408,0.431847853477636,103.938,0.914,67.12328767123287,0.0,2.73972602739726,0.0,8.21917808219178,0.0,0.0,16.43835616438356,0.1936075168012022,0.1674019461611995,12.450084134491783,0.9929866540681798,94.3661971830986,5.633802816901409,0.0,704.12176825134,0.1361222769896291,385.43305682794113,0.0745127159650096,-116.70768867016656,53.90857,-335.13952720528306,164.0838505294209,0.0317210294559704,115.36376825003116,0.0223023623531727,1395.8267172492,0.2698441087921283,610.1941883324118,0.117964002913765,-28745.997126322985,2073.6536858708764,-20494.429390215468,4754.013576087413,-33500.01070241039,164.0838505294209,0.0317210294559704,115.36376825003116,0.0223023623531727,1395.8267172492,0.2698441087921283,610.1941883324118,0.117964002913765,-28745.997126322985,2073.6536858708764,-20494.429390215468,4754.013576087413,-33500.01070241039
ovo_rsj_rank13_bindcraft,SEEVRENILKSAKEMKKRLEEYLKKNPDLSEEEKEKIREMIKKVEEVIKNAEGKGDMSDEEMIEKLWEVWVEFTTLEDK,0.93,0.32,92.0,0.85,0.72,6.2,8.06,90.0,94.0,0.0,0.0,-227.91,0.18,0.69,0.59,-37.97,1330.53,-2.85,27.88,46.66,15.0,5.0,33.34,1.5,10.0,100.0,0.0,0.0,82.28,0.0,17.72,1.93,0.22,94.0,0.81,3.1,0.86,"B4,B7,B8,B11,B15,B63,B64,B66,B67,B70,B71,B74,B75,B77,B78",79,2.5316455696202533,0.0,5.063291139240507,25.31645569620253,1.2658227848101269,2.5316455696202533,0.0,6.329113924050633,17.72151898734177,7.59493670886076,5.063291139240507,3.79746835443038,1.2658227848101269,0.0,3.79746835443038,5.063291139240507,2.5316455696202533,6.329113924050633,2.5316455696202533,1.2658227848101269,25.31645569620253,12.658227848101266,21.51898734177216,30.37974683544304,12.658227848101266,5.063291139240507,34.177215189873415,0.050632911392405,-5.25150347380518,-7.760229776916784,4.784388160705566,12490,12490,58.22784810126582,27.848101265822788,17.721518987341774,1.0284850340136054,-1.169620253164557,55.05443037974683,9517.752,3.035464596394878,0.7671135360775869,0.4818485894040027,108.92,0.96,81.0126582278481,0.0,6.329113924050633,0.0,0.0,0.0,2.5316455696202533,10.126582278481012,0.2749651657186489,0.2881920010140913,13.322942332114891,1.034990895816063,96.1038961038961,3.896103896103896,0.0,506.227399441968,0.0921068865148847,379.97348824641546,0.0691352838648345,-395.68022270148566,57.163406,-1173.8200651257514,226.7879970886341,0.0412635434862024,168.1043211670801,0.0305861864637632,1780.3482772712916,0.3239301881177525,1635.6525956285343,0.2976031486430922,-31949.75324050927,3138.3671249721474,-24877.274345406167,6580.44332987904,-38530.19657038831,226.7879970886341,0.0412635434862024,168.1043211670801,0.0305861864637632,1780.3482772712916,0.3239301881177525,1635.6525956285343,0.2976031486430922,-31949.75324050927,3138.3671249721474,-24877.274345406167,6580.44332987904,-38530.19657038831
