design_id,Sequence A,AF2 ipTM score,AF2 pTM score,AF2 Design RMSD,AF2 Native Motif RMSD,AF2 PAE,AF2 pLDDT,AlphaFold2 Initial Guess prediction,Radius of gyration (backbone),PyDSSP String,PyDSSP Loop %,PyDSSP Helix %,PyDSSP Beta Sheet %,RFdiffusion backbone design,RFdiffusion .trb file,LigandMPNN sequence design,Sequence length,Ala %,Cys %,Asp %,Glu %,Phe %,Gly %,His %,Ile %,Lys %,Leu %,Met %,Asn %,Pro %,Gln %,Arg %,Ser %,Thr %,Val %,Trp %,Tyr %,Nonpolar residues %,Polar uncharged residues %,Positive residues %,Negative residues %,Turn forming residues %,Aromatic residues %,DENQ %,Aromaticity,Charge at pH 5.5,Charge at pH 7.4,Isoelectric point,MEC reduced,MEC cystines,Helix-forming residues %,Sheet-forming residues %,Turn-forming residues %,Flexibility average,GRAVY,Instability index,Molecular weight,Sequence entropy,ESM-1v likelihood,ESM-IF likelihood,Sequence solubility (percentage),Sequence solubility (scaled),DSSP Helix %,DSSP Beta Sheet %,DSSP Turn %,DSSP Isolated beta bridge residue %,DSSP 3-10 helix %,DSSP Pi helix %,DSSP Bend %,DSSP No secondary structure residues %,Asphericity,Shape parameter,Radius of gyration (all atom),Radius of gyration normalized,Ramachandran allowed angles %,Ramachandran marginally allowed angles %,Ramachandran outliers angles %,Hydrophobic patch area,Normalized hydrophobic patch area,Hydrophobic top1 patch area,Normalized hydrophobic top1 patch area,Hydrophobic SAP score,Hydrophobic SASA,Hydrophobicity potential,Positive patch area at pH 5.5,Normalized positive patch area at pH 5.5,Positive top1 patch area at pH 5.5,Normalized positive top1 patch area at pH 5.5,Negative patch area at pH 5.5,Normalized negative patch area at pH 5.5,Negative top1 patch area at pH 5.5,Normalized negative top1 patch area at pH 5.5,Electrostatic volume integral at pH 5.5,Positive electrostatic regions volume integral at pH 5.5,Negative electrostatic regions volume integral at pH 5.5,Positive electrostatic volume integral at pH 5.5,Negative electrostatic volume integral at pH 5.5,Positive patch area at pH 7.4,Normalized positive patch area at pH 7.4,Positive top1 patch area at pH 7.4,Normalized positive top1 patch area at pH 7.4,Negative patch area at pH 7.4,Normalized negative patch area at pH 7.4,Negative top1 patch area at pH 7.4,Normalized negative top1 patch area at pH 7.4,Electrostatic volume integral at pH 7.4,Positive electrostatic regions volume integral at pH 7.4,Negative electrostatic regions volume integral at pH 7.4,Positive electrostatic volume integral at pH 7.4,Negative electrostatic volume integral at pH 7.4
ovo_ogc_01_053_seq01,MITLILVADTSAASREKIVVITKALKEKLGVETIGHLLTLSPDSLEAQAAEMAAAAKALLEEARKKYGVEVELAIDLQAPSHEARLALMEALARALRPRVIHFSVDGSDEELEEFAARAAELLDEVGSERVYVYRLRPDGTVELVELRGS,0.0,0.8236970901489251,1.158533811569213,1.292618861587399,3.9619280397892,89.65797424316406,project/b8e657bb-b0b0-423e-9235-383a6d8f74e5/pools/ogc/designs/alphafold_initial_guess/ovo_ogc_01_053_seq01_af2_model_1_ptm_ft_3rec.pdb,13.93808862988673,-EEEEEEE----HHHHHHHHHHHHHHHHH--EEEEEEE------HHHHHHHHHHHHHHHHHHHHHHH---EEEEEE-----HHHHHHHHHHHHHHH---EEEEEE----HHHHHHHHHHHHHHHHH---EEEEEEE-----EEEEEEE--,25.333333333333336,48.0,26.666666666666668,project/b8e657bb-b0b0-423e-9235-383a6d8f74e5/pools/ogc/designs/rfdiffusion/ovo_ogc_01_053_backbone.pdb,project/b8e657bb-b0b0-423e-9235-383a6d8f74e5/pools/ogc/designs/rfdiffusion/ovo_ogc_01_053_backbone.trb,project/b8e657bb-b0b0-423e-9235-383a6d8f74e5/pools/ogc/designs/protein_mpnn/ovo_ogc_01_053_seq01.pdb,150,16.0,0.0,4.666666666666667,13.333333333333334,1.3333333333333337,4.666666666666667,2.0,4.666666666666667,4.666666666666667,14.666666666666666,2.0,0.0,2.666666666666667,1.3333333333333337,7.333333333333333,6.0,4.0,8.666666666666668,0.0,2.0,48.66666666666667,13.333333333333334,14.000000000000002,18.0,13.333333333333334,3.333333333333333,19.33333333333333,0.0333333333333333,-4.889659702738118,-9.605023813074444,4.891927528381348,4470,4470,50.66666666666667,35.333333333333336,18.0,1.0023047956771365,0.0786666666666666,25.895333333333323,16320.5694,3.107506736129501,0.7452470950285593,0.3461027388274669,85.442,0.743,47.333333333333336,26.666666666666668,3.333333333333333,0.0,0.0,0.0,6.666666666666667,16.0,0.0120778572906134,0.0018399615280837,14.315824277815336,0.8981137619035975,91.8918918918919,6.756756756756757,1.351351351351351,1107.4086942578065,0.1451876590581253,362.85262782577297,0.047572069724828,-24.84987510877544,80.23032,390.903917312906,809.2882915798341,0.1061023569409251,383.963390733745,0.0503398123508634,1552.3273900449049,0.2035190630352416,1330.0610515929309,0.1743786656963071,-26570.25032342656,6567.808144531166,-24340.67329220455,11730.685690482256,-38300.93601390881,281.80842168425033,0.036946707443563,121.54116435777934,0.0159347467866247,2144.9949720569334,0.281221197105659,1593.961901746666,0.2089775873554413,-43521.7219700651,2657.710731605659,-33099.97871150581,6058.603038317722,-49580.32500838282
ovo_ogc_01_067_seq04,MVDTVIATPLSEEAQVKLEEAFALAREAGHTVSIFLALETEEQALAALDKLIAILEAAKRLGLPPTRILFLALSRVDLLTEEQKKTIKELAKKAEIFFGFAQTTREEDRKKVNEYIKELEKYAEESYTDESEKKGETIEDVLRRLAAKRA,0.0,0.8480754494667051,0.960054755210876,1.477390174057124,4.16404490172863,89.76231217384338,project/b8e657bb-b0b0-423e-9235-383a6d8f74e5/pools/ogc/designs/alphafold_initial_guess/ovo_ogc_01_067_seq04_af2_model_1_ptm_ft_3rec.pdb,14.174671377627536,-E--EEE----HHHHHHHHHHHHHHHHH--EEEEEEE---HHHHHHHHHHHHHHHHHHHHH-----EEEEEEE--HHH--HHHHHHHHHHH----EEEEEE----HHHHHHHHHHHHHHH----EEE-HHHHH----HHHHHHHHHHHH-,26.0,56.00000000000001,18.0,project/b8e657bb-b0b0-423e-9235-383a6d8f74e5/pools/ogc/designs/rfdiffusion/ovo_ogc_01_067_backbone.pdb,project/b8e657bb-b0b0-423e-9235-383a6d8f74e5/pools/ogc/designs/rfdiffusion/ovo_ogc_01_067_backbone.trb,project/b8e657bb-b0b0-423e-9235-383a6d8f74e5/pools/ogc/designs/protein_mpnn/ovo_ogc_01_067_seq04.pdb,150,14.000000000000002,0.0,4.0,16.0,4.0,2.666666666666667,0.6666666666666667,6.0,10.0,13.333333333333334,0.6666666666666667,0.6666666666666667,2.0,2.666666666666667,6.0,3.333333333333333,7.333333333333333,4.666666666666667,0.0,2.0,40.66666666666666,16.0,16.666666666666664,20.0,8.666666666666668,6.0,23.33333333333333,0.06,-3.0993318838274924,-6.6942346406937006,5.077449989318846,4470,4470,54.0,37.333333333333336,12.666666666666668,1.010039682539683,-0.2953333333333333,47.738,16938.2521,3.13715054548723,0.7284386349717776,0.352562144822441,94.74,0.829,56.00000000000001,19.33333333333333,4.666666666666667,0.0,0.0,0.0,6.666666666666667,13.333333333333334,0.0383832092647584,0.0059646447234299,14.613138447566543,0.91676598494578,92.56756756756756,6.081081081081082,1.351351351351351,1071.786861549191,0.141833120392894,236.5748970132546,0.0313067430230646,-204.43905072010585,79.683014,-426.9368479227351,670.6470905511082,0.0887489602156443,366.5451244466825,0.0485061355295299,1511.2554041969825,0.1999894544126623,553.198818667237,0.0732066397378914,-23828.819957192874,5687.595100444586,-21408.15245787832,11460.902927570463,-35289.72288476334,527.4335850564929,0.0697970406732214,357.1218096757351,0.0472591169418267,1863.3348704058387,0.2465813012715488,1041.7931892042152,0.1378639579657851,-29710.33990142514,4784.881663443329,-25027.928821157475,9917.909186073828,-39628.24908749897
ovo_ogc_01_067_seq08,MVSTVIATPLSEEAKELLEEAFKLAEEGGFTVSLLLQLETEEQALKALEKLKAILQAMIDLGAPPTRVLFVALSRVSLLTEEQRKTLEEEAKKAEIGFLFAQTSREEDRAEVKAYFDRLAKYFTEVYTDESEKEGKTVEDVIRAWLAKRA,0.0,0.8443672657012941,1.058851361274719,1.261071644932315,4.42975926399231,89.05619978904724,project/b8e657bb-b0b0-423e-9235-383a6d8f74e5/pools/ogc/designs/alphafold_initial_guess/ovo_ogc_01_067_seq08_af2_model_1_ptm_ft_3rec.pdb,14.174671377627536,-E--EEE----HHHHHHHHHHHHHHHHH--EEEEEEE---HHHHHHHHHHHHHHHHHHHHH-----EEEEEEE--HHH--HHHHHHHHHHH----EEEEEE----HHHHHHHHHHHHHHH----EEE-HHHHH----HHHHHHHHHHHH-,26.0,56.00000000000001,18.0,project/b8e657bb-b0b0-423e-9235-383a6d8f74e5/pools/ogc/designs/rfdiffusion/ovo_ogc_01_067_backbone.pdb,project/b8e657bb-b0b0-423e-9235-383a6d8f74e5/pools/ogc/designs/rfdiffusion/ovo_ogc_01_067_backbone.trb,project/b8e657bb-b0b0-423e-9235-383a6d8f74e5/pools/ogc/designs/protein_mpnn/ovo_ogc_01_067_seq08.pdb,150,12.666666666666668,0.0,3.333333333333333,16.666666666666664,4.666666666666667,3.333333333333333,0.0,3.333333333333333,8.666666666666668,14.000000000000002,1.3333333333333337,0.0,2.0,3.333333333333333,5.333333333333334,4.666666666666667,7.333333333333333,6.666666666666667,0.6666666666666667,2.0,40.0,17.333333333333336,14.000000000000002,20.0,10.0,7.333333333333333,23.33333333333333,0.0733333333333333,-6.802942844109946,-9.725150501516964,4.76608600616455,9970,9970,53.333333333333336,38.66666666666666,13.333333333333334,1.0090060790273556,-0.2146666666666666,50.18800000000001,16928.1857,3.134583616891452,0.7330437429745992,0.3476310308945055,96.773,0.848,56.00000000000001,19.33333333333333,4.666666666666667,0.0,0.0,0.0,6.666666666666667,13.333333333333334,0.0392483194625767,0.006010900162917,14.609268210583574,0.9165231827830276,93.24324324324324,5.405405405405405,1.351351351351351,1172.667470130428,0.1545969943351716,206.75318524540805,0.0272570202741344,-150.68303292199855,79.94497,-194.53726460699693,325.5180083591517,0.042914216498816,120.49347980827255,0.0158850912895816,1917.185614550213,0.2527495143692578,1456.0119561485126,0.1919513228345952,-38065.55937117982,2986.9232673064453,-27521.83903996941,6470.328646220473,-44535.88801740029,190.01402412142755,0.0250502361146218,56.70666150633019,0.0074758443045116,2252.990764771404,0.2970199219901777,1683.7183453163532,0.2219706797733083,-44052.53086668503,2235.72797709151,-31370.42812079293,5266.649318874732,-49319.18018555976
ovo_ogc_01_071_seq02,EEALRAILEESARLLFERLKKMSKDASLEEKEKALEAAFEESVERMTALLRERLTDEAEAAALAEALRRAAERLLRVFKEVIRALQGKPEERRAVAAALIARAKAELTPAEAAVMRLAVEAALTFDEKPDEAAIVAHLVAALETLLAELA,0.0,0.761071026325225,1.8612486124038687,1.341438840518042,4.9083559066057205,86.01499795913696,project/b8e657bb-b0b0-423e-9235-383a6d8f74e5/pools/ogc/designs/alphafold_initial_guess/ovo_ogc_01_071_seq02_af2_model_1_ptm_ft_3rec.pdb,15.269004508097806,-HHHHHHHHHHHHHHHHHH--------HHHHHHHHHHHHHHHHHHHHHHHHHH---HHHHHHHHHHHHHHHHHHHHHHHHHHHHH------HHHHHHHHHHHHHHH--HHHHHHHHHHHHHHHHHHHH--HHHHHHHHHHHHHHHHHHH-,15.333333333333332,84.66666666666667,0.0,project/b8e657bb-b0b0-423e-9235-383a6d8f74e5/pools/ogc/designs/rfdiffusion/ovo_ogc_01_071_backbone.pdb,project/b8e657bb-b0b0-423e-9235-383a6d8f74e5/pools/ogc/designs/rfdiffusion/ovo_ogc_01_071_backbone.trb,project/b8e657bb-b0b0-423e-9235-383a6d8f74e5/pools/ogc/designs/protein_mpnn/ovo_ogc_01_071_seq02.pdb,150,24.666666666666668,0.0,2.666666666666667,18.0,2.666666666666667,0.6666666666666667,0.6666666666666667,2.666666666666667,6.0,16.0,2.0,0.0,2.0,0.6666666666666667,10.0,2.666666666666667,3.333333333333333,5.333333333333334,0.0,0.0,49.333333333333336,6.666666666666667,16.666666666666664,20.666666666666668,5.333333333333334,2.666666666666667,21.333333333333336,0.0266666666666666,-3.897701395817702,-7.287973525946526,5.023907661437988,0,0,66.66666666666666,30.0,8.0,1.0045797028031074,-0.0226666666666666,43.32066666666667,16501.8995,2.87172065760262,0.7478734580675761,0.3932089160366255,79.304,0.686,84.66666666666667,0.0,3.333333333333333,0.0,0.0,0.0,4.0,8.0,0.152235967212759,0.0928437809907732,15.598228704484738,0.9785663465097592,93.91891891891892,4.054054054054054,2.027027027027027,1052.6467026746266,0.1259451455374386,268.7619483521405,0.0321563375576342,-175.41040525428718,88.17403,-255.9803091224321,587.1119295241703,0.0702456932822827,157.74146153225317,0.0188731616025483,1546.2363986779662,0.1850012618402473,684.6879991353514,0.0819202962206914,-28788.13892779166,4112.498187068147,-20169.89002667969,8158.943842652761,-36947.08277044442,428.94168342922353,0.0513212292493791,135.13264895259178,0.0161681037863417,1690.3829356198546,0.2022478427944608,740.165923336355,0.0885580173286918,-34710.14525586464,2519.98598774792,-21934.18308142896,5209.9004593067175,-39920.04571517136
ovo_ogc_01_071_seq05,AAALDAILREGARLLFEELRKMSPDASLEEKRAHLRAAVERMVEHITRLLRERLEDEEEAERLAAMVREAAERLLRVLEEAVAALQGHPEQRRAVAAAAVAAAAATLTPAEAAVRALAVAAVLAFDESRDEEAIVAHLVAALQTLLAQLA,0.0,0.8625911474227901,0.489200949668884,1.2324679992956291,3.259478829801082,93.45541000366212,project/b8e657bb-b0b0-423e-9235-383a6d8f74e5/pools/ogc/designs/alphafold_initial_guess/ovo_ogc_01_071_seq05_af2_model_1_ptm_ft_3rec.pdb,15.269004508097806,-HHHHHHHHHHHHHHHHHH--------HHHHHHHHHHHHHHHHHHHHHHHHHH---HHHHHHHHHHHHHHHHHHHHHHHHHHHHH------HHHHHHHHHHHHHHH--HHHHHHHHHHHHHHHHHHHH--HHHHHHHHHHHHHHHHHHH-,15.333333333333332,84.66666666666667,0.0,project/b8e657bb-b0b0-423e-9235-383a6d8f74e5/pools/ogc/designs/rfdiffusion/ovo_ogc_01_071_backbone.pdb,project/b8e657bb-b0b0-423e-9235-383a6d8f74e5/pools/ogc/designs/rfdiffusion/ovo_ogc_01_071_backbone.trb,project/b8e657bb-b0b0-423e-9235-383a6d8f74e5/pools/ogc/designs/protein_mpnn/ovo_ogc_01_071_seq05.pdb,150,27.33333333333333,0.0,3.333333333333333,14.666666666666666,1.3333333333333337,1.3333333333333337,2.666666666666667,2.0,1.3333333333333337,15.333333333333332,2.0,0.0,2.0,2.666666666666667,11.333333333333332,2.0,2.666666666666667,8.0,0.0,0.0,54.0,7.333333333333333,15.333333333333332,18.0,5.333333333333334,1.3333333333333337,20.666666666666668,0.0133333333333333,-3.020444623903643,-8.224240971214652,5.099105644226074,0,0,60.66666666666667,29.33333333333333,8.666666666666668,0.9977615670381628,0.1333333333333333,56.91733333333333,16211.4306,2.784089034838213,0.7527754997213681,0.4012383141508326,81.919,0.71,84.66666666666667,0.0,3.333333333333333,0.0,0.0,0.0,4.0,8.0,0.1702565927189794,0.1110359533682505,15.740474120834635,0.9874902172916552,93.91891891891892,4.054054054054054,2.027027027027027,1010.6230546426332,0.1230272650125564,321.31994177959814,0.0391155866171254,-35.87992008650093,86.747856,527.1451397590918,737.2090543231186,0.0897434639742488,225.2741608782713,0.0274235421045808,1057.455822146004,0.1287284087500166,658.8541636875191,0.0802050036640746,-16579.906000665913,5090.505846158395,-15413.112856931806,11227.283633025305,-27807.18963369121,225.4315695492981,0.0274427041039007,83.94360384204538,0.0102187971554203,1717.044832832556,0.2090228683354442,689.3460880168693,0.083916909936128,-38775.09760918462,1313.9489395328833,-23158.278681277137,2896.6365170568006,-41671.73412624142
ovo_ogc_01_071_seq06,EATLRAILEEAARHFFDELKKMSPSASLEEKEAALKKATESMVELATALLRRELTDPEEAERLAEALRRAAEELLKVLIEVLRALQGNPEDRDAVAAALIAEAEATRTPAEAEITRLAVEAALAFDQTPDEERIVAALVAAMEAALAQLA,0.0,0.8115323781967161,0.876283943653106,1.333521439410446,4.045659482479095,89.76711630821228,project/b8e657bb-b0b0-423e-9235-383a6d8f74e5/pools/ogc/designs/alphafold_initial_guess/ovo_ogc_01_071_seq06_af2_model_1_ptm_ft_3rec.pdb,15.269004508097806,-HHHHHHHHHHHHHHHHHH--------HHHHHHHHHHHHHHHHHHHHHHHHHH---HHHHHHHHHHHHHHHHHHHHHHHHHHHHH------HHHHHHHHHHHHHHH--HHHHHHHHHHHHHHHHHHHH--HHHHHHHHHHHHHHHHHHH-,15.333333333333332,84.66666666666667,0.0,project/b8e657bb-b0b0-423e-9235-383a6d8f74e5/pools/ogc/designs/rfdiffusion/ovo_ogc_01_071_backbone.pdb,project/b8e657bb-b0b0-423e-9235-383a6d8f74e5/pools/ogc/designs/rfdiffusion/ovo_ogc_01_071_backbone.trb,project/b8e657bb-b0b0-423e-9235-383a6d8f74e5/pools/ogc/designs/protein_mpnn/ovo_ogc_01_071_seq06.pdb,150,24.666666666666668,0.0,4.0,17.333333333333336,2.0,0.6666666666666667,0.6666666666666667,3.333333333333333,4.0,14.666666666666666,2.0,0.6666666666666667,3.333333333333333,2.0,8.0,2.666666666666667,5.333333333333334,4.666666666666667,0.0,0.0,48.0,10.666666666666668,12.666666666666668,21.333333333333336,7.333333333333333,2.0,24.0,0.02,-10.910906303990306,-14.280609185874384,4.550325202941894,0,0,62.66666666666667,30.0,11.333333333333332,1.006366852414725,-0.0506666666666666,55.658,16258.327,2.9366336992779543,0.7333698456486066,0.3807616764111056,81.771,0.709,84.66666666666667,0.0,3.333333333333333,0.0,0.0,0.0,4.0,8.0,0.1586837584149946,0.1020125034391655,15.636809701851154,0.9809867537465566,93.91891891891892,4.054054054054054,2.027027027027027,1198.081503023751,0.1450845811595175,449.3218064548533,0.0544117123341047,-102.1189901067421,87.83963,416.1935365954819,43.48060468422773,0.0052653891269104,26.014472461836704,0.0031502855454204,2947.249701389004,0.3569043403302251,1955.902491842992,0.2368547491149034,-61504.79614820636,403.1215959552932,-39878.745207377695,1034.392003631584,-62539.18815183794,22.79686994752774,0.0027606421764609,10.728862995318195,0.0012992376479104,3835.01982785095,0.4644110138232971,3411.0765771184706,0.4130725791569648,-73309.74999208837,169.15096907806034,-49725.70145064878,434.5391700214222,-73744.28916210978
ovo_ogc_01_071_seq07,EAKLTEILTTGARHFFEELKKMKKDDSLEEKYKALDKAVEETVRLISELLKEELEDEEETEELTKMVKEAMKKLLEVLKKVLAALQGNKERREEIAAEMIAEAKATKTPWEAEVMEAAIKAALTFDKTPNEDEIVANLVKALQTLLQQLK,0.0,0.807863354682922,0.618089139461517,1.465383710308439,4.246961489319801,90.35794138908386,project/b8e657bb-b0b0-423e-9235-383a6d8f74e5/pools/ogc/designs/alphafold_initial_guess/ovo_ogc_01_071_seq07_af2_model_1_ptm_ft_3rec.pdb,15.269004508097806,-HHHHHHHHHHHHHHHHHH--------HHHHHHHHHHHHHHHHHHHHHHHHHH---HHHHHHHHHHHHHHHHHHHHHHHHHHHHH------HHHHHHHHHHHHHHH--HHHHHHHHHHHHHHHHHHHH--HHHHHHHHHHHHHHHHHHH-,15.333333333333332,84.66666666666667,0.0,project/b8e657bb-b0b0-423e-9235-383a6d8f74e5/pools/ogc/designs/rfdiffusion/ovo_ogc_01_071_backbone.pdb,project/b8e657bb-b0b0-423e-9235-383a6d8f74e5/pools/ogc/designs/rfdiffusion/ovo_ogc_01_071_backbone.trb,project/b8e657bb-b0b0-423e-9235-383a6d8f74e5/pools/ogc/designs/protein_mpnn/ovo_ogc_01_071_seq07.pdb,150,12.666666666666668,0.0,4.0,19.33333333333333,2.0,1.3333333333333337,0.6666666666666667,4.0,14.666666666666666,14.000000000000002,3.333333333333333,2.0,1.3333333333333337,2.666666666666667,2.666666666666667,1.3333333333333337,7.333333333333333,5.333333333333334,0.6666666666666667,0.6666666666666667,37.333333333333336,14.000000000000002,18.0,23.33333333333333,6.0,3.333333333333333,28.000000000000004,0.0333333333333333,-5.665945870106295,-9.319641032531717,4.920801734924315,6990,6990,64.0,34.0,10.0,1.0168732691658229,-0.5133333333333333,51.44600000000001,17129.6413,2.971524969582454,0.7122629369795322,0.3547795968992674,100.553,0.8829999999999999,84.66666666666667,0.0,3.333333333333333,0.0,0.0,0.0,4.0,8.0,0.165810131937298,0.0996498462792046,15.90913705101128,0.9980714102271796,94.5945945945946,3.3783783783783785,2.027027027027027,1170.8422593153896,0.1350583416876845,400.43870016639386,0.0461911810594093,-301.9376822794706,91.68758,-1008.8883672221724,931.044011622031,0.1073972682891084,243.76984659151532,0.0281192030541859,1795.2529951752524,0.2070850197873715,1362.157163917985,0.1571267916007175,-31278.145825054205,5293.084757597361,-26262.266870108,10538.250349643524,-41816.39617469773,736.2949990085413,0.084932689068786,219.66792375313423,0.0253390115261319,2252.3743637350144,0.2598146283204505,1873.4293149360708,0.2161027709166448,-43149.97370437436,3653.7988338582286,-31887.86718367476,6815.9297213695145,-49965.90342574388
ovo_ogc_01_071_seq08,EEELDKILEEGAKLFFEQLKKMKPDASLEEKRAALEAAAAKTAEKITELLKEKLEDEEETEELSKLVREAIARLTRVLVEAIEALQGNPEERQKVAERLIEEARRTLTPAEAEVMRLAVEAVLEFDESRNEEKIVEYLVAALKVLLKELR,0.0,0.838430404663085,0.6429095268249511,1.358663044542525,3.794652931392193,92.11829900741576,project/b8e657bb-b0b0-423e-9235-383a6d8f74e5/pools/ogc/designs/alphafold_initial_guess/ovo_ogc_01_071_seq08_af2_model_1_ptm_ft_3rec.pdb,15.269004508097806,-HHHHHHHHHHHHHHHHHH--------HHHHHHHHHHHHHHHHHHHHHHHHHH---HHHHHHHHHHHHHHHHHHHHHHHHHHHHH------HHHHHHHHHHHHHHH--HHHHHHHHHHHHHHHHHHHH--HHHHHHHHHHHHHHHHHHH-,15.333333333333332,84.66666666666667,0.0,project/b8e657bb-b0b0-423e-9235-383a6d8f74e5/pools/ogc/designs/rfdiffusion/ovo_ogc_01_071_backbone.pdb,project/b8e657bb-b0b0-423e-9235-383a6d8f74e5/pools/ogc/designs/rfdiffusion/ovo_ogc_01_071_backbone.trb,project/b8e657bb-b0b0-423e-9235-383a6d8f74e5/pools/ogc/designs/protein_mpnn/ovo_ogc_01_071_seq08.pdb,150,14.000000000000002,0.0,2.666666666666667,23.33333333333333,2.0,1.3333333333333337,0.0,4.0,10.0,15.333333333333332,1.3333333333333337,1.3333333333333337,2.0,2.0,7.333333333333333,2.0,4.0,6.666666666666667,0.0,0.6666666666666667,41.333333333333336,10.0,17.333333333333336,26.0,6.666666666666667,2.666666666666667,29.33333333333333,0.0266666666666666,-9.994507678835973,-13.333072555341316,4.719762229919433,1490,1490,64.0,32.666666666666664,9.333333333333332,1.0144253630530229,-0.4606666666666666,52.75200000000001,17156.4813,2.959462194068805,0.7478160133957863,0.4000988973793574,104.249,0.917,84.66666666666667,0.0,3.333333333333333,0.0,0.0,0.0,4.0,8.0,0.1670481269440638,0.1053707433607373,16.016919536206597,1.0048332236839217,93.91891891891892,4.054054054054054,2.027027027027027,1103.635971333087,0.1261789659223673,242.56897576617428,0.0277329693141962,-273.2650651868852,92.3678,-980.22191526114,246.46059141639296,0.0281778986670504,89.04586194446028,0.0101806348032007,3303.1656874225305,0.3776517271413128,1301.6997911421347,0.1488236500567132,-62234.48250101136,1949.3165349645303,-45135.205342977584,4331.729597803402,-66566.21209881477,215.647237781114,0.0246550005382377,86.87947952830882,0.0099329517807524,3476.5662188266547,0.3974766515831403,1304.5074782149456,0.1491446535947303,-67342.94851401029,1723.8609560290663,-49366.36722475712,3915.990230935821,-71258.9387449461
ovo_ogc_02_078_seq02,MKTTIDVIIYGALSKEDIEEIINLLKEMVEEIKEEGGIGELNIIVKQLESTEENKKAGAKVVKEKIEKFVKEKKPEILALIKKGEKKIIIVITTNAGYVDENREEVLKRIEEKSGATVYVFSQNVTMTPEENERVFKEQMKWIEEELDKL,0.0,0.812510013580322,1.203812479972839,1.417337427785059,4.994533762335777,86.68332099914551,project/b8e657bb-b0b0-423e-9235-383a6d8f74e5/pools/ogc/designs/alphafold_initial_guess/ovo_ogc_02_078_seq02_af2_model_1_ptm_ft_3rec.pdb,14.881264848044484,--EEEEEEEEE---HHHHHHHHHHHHHHHHHHHHHH-E-EEEEEEEE----HHHHHHHHHHHHHHHHHHHHHHHHHHHHHHHH---EEEEEEEE----HHHHHHHHHHHHHHHH--EEEEEEE-----HHHHHHHHHHHHHHHHHHHHH-,17.333333333333336,60.66666666666667,22.0,project/b8e657bb-b0b0-423e-9235-383a6d8f74e5/pools/ogc/designs/rfdiffusion/ovo_ogc_02_078_backbone.pdb,project/b8e657bb-b0b0-423e-9235-383a6d8f74e5/pools/ogc/designs/rfdiffusion/ovo_ogc_02_078_backbone.trb,project/b8e657bb-b0b0-423e-9235-383a6d8f74e5/pools/ogc/designs/protein_mpnn/ovo_ogc_02_078_seq02.pdb,150,4.0,0.0,2.666666666666667,19.33333333333333,2.0,5.333333333333334,0.0,12.666666666666668,15.333333333333332,6.666666666666667,2.666666666666667,4.666666666666667,1.3333333333333337,2.0,2.0,2.666666666666667,5.333333333333334,8.666666666666668,0.6666666666666667,2.0,37.333333333333336,16.666666666666664,17.333333333333336,22.0,14.000000000000002,4.666666666666667,28.666666666666668,0.0466666666666666,-4.5101957330021705,-7.746044277418576,4.98434772491455,9970,9970,48.0,37.99999999999999,16.666666666666664,1.0170717662951707,-0.4586666666666666,47.62533333333334,17268.853600000002,3.093091402805061,0.7247989962498347,0.3592125658190344,113.241,1.0,58.66666666666666,20.0,0.6666666666666667,0.0,0.0,3.333333333333333,3.333333333333333,14.000000000000002,0.131082301976779,0.065705086202891,15.236271274713722,0.9558586810207124,94.5945945945946,4.054054054054054,1.351351351351351,1054.4621532461244,0.1317194983555437,310.62339097553814,0.0388019210654834,-304.9486313586682,84.40971,-1211.0605841515703,232.7281436368237,0.0290715358903015,96.10465474447108,0.0120050367607833,2182.5914932409605,0.2726412282505816,1001.9400067095156,0.1251586267556849,-36223.71426411135,2529.2015891695573,-25514.19600863013,5748.382960911344,-41972.0972250227,232.7281436368237,0.0290715358903015,96.10465474447108,0.0120050367607833,2182.5914932409605,0.2726412282505816,1001.9400067095156,0.1251586267556849,-36223.71426411135,2529.2015891695573,-25514.19600863013,5748.382960911344,-41972.0972250227
ovo_ogc_03_010_seq04,SVTVGHIHVVTTSAESAEAAREELKGLGDVSIHTATVEGGDPRDAALEALRVAAEIAKELREQGYKRIVVVLTQGEGDPLSAEEKEKELRRELARLGTEISAIVKVTYSVEDALAAMRAVVAELGEQPEAVIFIGDDARRLIPIVKALAS,0.0,0.871501207351684,0.772437930107116,1.410668568133422,3.912930488586426,91.20250940322876,project/b8e657bb-b0b0-423e-9235-383a6d8f74e5/pools/ogc/designs/alphafold_initial_guess/ovo_ogc_03_010_seq04_af2_model_1_ptm_ft_3rec.pdb,13.968929775102076,-----EEEEEE--HHHHHHHHHH------EEEEE-------HHHHHHHHHHHHHHHHHHHHHH----EEEEEEE-------HHHHHHHHHHHHHHH-----EEEEEE--HHHHHHHHHHHHHHH-----EEEEE---HHHHHHHHHHHH-,31.333333333333336,49.333333333333336,19.33333333333333,project/b8e657bb-b0b0-423e-9235-383a6d8f74e5/pools/ogc/designs/rfdiffusion/ovo_ogc_03_010_backbone.pdb,project/b8e657bb-b0b0-423e-9235-383a6d8f74e5/pools/ogc/designs/rfdiffusion/ovo_ogc_03_010_backbone.trb,project/b8e657bb-b0b0-423e-9235-383a6d8f74e5/pools/ogc/designs/protein_mpnn/ovo_ogc_03_010_seq04.pdb,150,15.333333333333332,0.0,4.666666666666667,13.333333333333334,0.6666666666666667,7.333333333333333,2.0,6.666666666666667,4.666666666666667,9.333333333333334,0.6666666666666667,0.0,2.666666666666667,2.0,7.333333333333333,5.333333333333334,5.333333333333334,11.333333333333332,0.0,1.3333333333333337,50.0,14.000000000000002,14.000000000000002,18.0,15.333333333333332,2.0,20.0,0.0199999999999999,-4.894797238511099,-9.6341783907869,4.891813850402832,2980,2980,43.333333333333336,34.66666666666667,20.0,1.0046038500506589,-0.0073333333333333,34.386666666666656,15978.953400000002,3.2396584519552807,0.7483018640677134,0.3799451061245054,91.423,0.798,50.0,19.33333333333333,4.0,0.0,0.0,0.0,11.333333333333332,15.333333333333332,0.022900796621147,0.0007467749929795,14.321524441428188,0.8984713658589448,91.8918918918919,6.756756756756757,1.351351351351351,749.4451273548262,0.1032856026188774,93.32001048381944,0.0128609996481541,-87.27259927218779,76.226425,-39.65121791011652,329.2971173983366,0.0453824435835494,102.4087727020174,0.0141135773866732,1346.1462408695538,0.1855206213590081,725.3565544948314,0.0999658095169397,-28952.22865103384,2656.971765210004,-19283.081825031943,5541.978354966849,-34494.207006000695,157.1530208473381,0.0216582160176076,81.27176350879228,0.011200557270326,2145.4298877974693,0.2956747742424095,1521.9505217784413,0.2097492812486812,-45476.140583457855,1561.3472835624236,-30762.55316847159,3349.5541332141474,-48825.69471667201
ovo_ogc_03_022_seq02,GAGSVSPEREAALEKRAGVEKILLEYLDDDMTPEEKRARLEAAIRRAAETGADLVIVMKIRDAESAEVAIDAAALAAEAGLKRFFFQPDGDEDLFLKKMKEAQKEKNPVIVLDDVYRFAKEAGWTELLERLEELVRRLEEEKGVTVMFYP,0.0,0.8404884934425351,1.9262957572937007,1.482045219822358,4.141969904303551,90.67426919937134,project/b8e657bb-b0b0-423e-9235-383a6d8f74e5/pools/ogc/designs/alphafold_initial_guess/ovo_ogc_03_022_seq02_af2_model_1_ptm_ft_3rec.pdb,14.32413963286374,------HHHHHHHHHHH----EEEEE------HHHHHHHHHHHHHHHHHH--EEEEE-----HHHHHHHHHHHHHHHHH---EEEE-----HHHHHHHHHHHH-----EEEE-HHHHHHHHH--HHHHHHHHHHHHHHHHH---EEEE--,29.33333333333333,56.00000000000001,14.666666666666666,project/b8e657bb-b0b0-423e-9235-383a6d8f74e5/pools/ogc/designs/rfdiffusion/ovo_ogc_03_022_backbone.pdb,project/b8e657bb-b0b0-423e-9235-383a6d8f74e5/pools/ogc/designs/rfdiffusion/ovo_ogc_03_022_backbone.trb,project/b8e657bb-b0b0-423e-9235-383a6d8f74e5/pools/ogc/designs/protein_mpnn/ovo_ogc_03_022_seq02.pdb,150,14.666666666666666,0.0,7.333333333333333,15.333333333333332,4.0,5.333333333333334,0.0,4.0,8.0,10.666666666666668,2.666666666666667,0.6666666666666667,3.333333333333333,1.3333333333333337,8.0,2.0,2.666666666666667,7.333333333333333,0.6666666666666667,2.0,42.0,8.666666666666668,16.0,22.666666666666664,11.333333333333332,6.666666666666667,24.666666666666668,0.0666666666666666,-7.740230389112622,-10.449743613921346,4.722206306457519,9970,9970,51.33333333333333,31.333333333333336,18.666666666666668,1.0105630699088144,-0.3566666666666667,41.416066666666666,16871.067900000002,3.148118060180135,0.7299946362773577,0.3476097564399242,102.093,0.8970000000000001,54.0,15.333333333333332,4.0,0.0,0.0,3.333333333333333,6.0,16.0,0.0578025201073435,0.0101593786842703,14.719345205903473,0.923428944019494,93.91891891891892,4.72972972972973,1.351351351351351,1161.4722509149742,0.1497880565086223,310.59040859699263,0.0400549678542153,-133.9084192136419,81.79412,-60.84134041296153,975.647574677388,0.1258233710991819,441.3551357063057,0.0569189043952341,1949.187465010728,0.251374926886909,1684.5624892423882,0.2172478430992804,-27352.90030052678,8971.228688606081,-28026.524946669862,15205.308174835804,-42558.20847536258,382.81636112888094,0.0493695124339183,143.60037549928575,0.0185192725379377,2354.2655902083047,0.3036154044873878,1810.7160860771253,0.2335171100374803,-44148.80361682735,3795.296915054063,-33865.44589348677,7454.095625945086,-51602.89924277243
ovo_ogc_04_002_seq06,HMETKKVVVIMSLQLSPSLREPRAAAVAAAREFLRAEAERLVAELEAELGVRLEVTYIEIDDARPEESAAEIEKAIAEADYAIVLGAVLVDPDLTLEEVIALALKMKAKIDALEAKIKANPKTKLLKSRLFFLGATPELEAAVRAAIAAA,0.0,0.85822057723999,1.290159344673156,1.145047282407355,3.955951049923897,92.14303493499756,project/b8e657bb-b0b0-423e-9235-383a6d8f74e5/pools/ogc/designs/alphafold_initial_guess/ovo_ogc_04_002_seq06_af2_model_1_ptm_ft_3rec.pdb,16.16344472777728,---EEEEEEEEE-----------HHHHHHHHHHHHHHHHHHHHHHHHHH--EEEEEEEE-----HHHHHHHHHHHHHH--EEEEEEEEE------HHHHHHHHHHHHHHHHHHHHHHHH----EE-EEEEEEE---HHHHHHHHHHHHH-,25.333333333333336,51.33333333333333,23.33333333333333,project/b8e657bb-b0b0-423e-9235-383a6d8f74e5/pools/ogc/designs/rfdiffusion/ovo_ogc_04_002_backbone.pdb,project/b8e657bb-b0b0-423e-9235-383a6d8f74e5/pools/ogc/designs/rfdiffusion/ovo_ogc_04_002_backbone.trb,project/b8e657bb-b0b0-423e-9235-383a6d8f74e5/pools/ogc/designs/protein_mpnn/ovo_ogc_04_002_seq06.pdb,150,21.333333333333336,0.0,4.0,13.333333333333334,2.0,2.0,0.6666666666666667,6.666666666666667,7.333333333333333,13.333333333333334,2.0,0.6666666666666667,4.0,0.6666666666666667,6.0,3.333333333333333,3.333333333333333,8.0,0.0,1.3333333333333337,51.33333333333333,9.333333333333334,14.000000000000002,17.333333333333336,10.0,3.333333333333333,18.666666666666668,0.0333333333333333,-3.4057486340322285,-6.413625336305156,4.993555641174315,2980,2980,57.333333333333336,34.66666666666667,14.000000000000002,1.0019529719689295,0.2506666666666666,36.804666666666655,16200.7571,2.9373797784077134,0.7416538728727028,0.345555987242454,95.396,0.835,51.33333333333333,25.333333333333336,2.666666666666667,0.0,0.0,0.0,8.0,12.666666666666668,0.2203164647460552,0.2046058070343437,16.465456139649955,1.0329724972913965,93.91891891891892,4.72972972972973,1.351351351351351,1352.3386179941945,0.1608848901971108,524.2388582095298,0.0623675978914188,64.57629816474858,87.87521,669.1162375008043,617.739984525993,0.0734912308636415,257.90411580717847,0.030682311960124,1446.5064600208018,0.1720878409395961,354.23006824976017,0.0421420085743069,-25494.78095642361,5767.686331966928,-18813.71279804565,10491.256300405414,-35986.03725682902,516.7112049944257,0.0614720487701859,257.4467951715848,0.0306279054828827,1477.1637134965747,0.1757350701125012,362.521657036866,0.0431284415089455,-29619.07163409112,4093.808424089208,-19350.853377607644,7498.13121709769,-37117.202851188806
ovo_ogc_04_005_seq01,MLSRLITDEASAAAFAEELAELPGRTMVALTKQRGSTVEEVVRLAVELAERGAARAVVFTDREADAEAARALVEELRAQGHDVNVEVLVREGPGAAGYQAMAEQLAALRQEVGAEELALAELVDGSPESIASGEEKLAALTAALAAIEAA,0.0,0.8394223451614381,1.014744877815246,1.382227027025006,4.053288355469704,89.7137999534607,project/b8e657bb-b0b0-423e-9235-383a6d8f74e5/pools/ogc/designs/alphafold_initial_guess/ovo_ogc_04_005_seq01_af2_model_1_ptm_ft_3rec.pdb,14.0618989381109,-EEEEE--HHHHHHHHHHHHH----EEEEEE------HHHHHHHHHHHHHH---EEEEEE--HHHHHHHHHHHHHHHH------EEEEE-----HHHHHHHHHHHHHHHHHH---EEEEEEE----HHHHHHHHHHHHHHHHHHHHHHH-,24.666666666666668,56.00000000000001,19.33333333333333,project/b8e657bb-b0b0-423e-9235-383a6d8f74e5/pools/ogc/designs/rfdiffusion/ovo_ogc_04_005_backbone.pdb,project/b8e657bb-b0b0-423e-9235-383a6d8f74e5/pools/ogc/designs/rfdiffusion/ovo_ogc_04_005_backbone.trb,project/b8e657bb-b0b0-423e-9235-383a6d8f74e5/pools/ogc/designs/protein_mpnn/ovo_ogc_04_005_seq01.pdb,150,24.0,0.0,3.333333333333333,15.333333333333332,1.3333333333333337,6.666666666666667,0.6666666666666667,2.0,1.3333333333333337,12.0,2.0,0.6666666666666667,2.0,3.333333333333333,7.333333333333333,4.0,4.0,9.333333333333334,0.0,0.6666666666666667,54.0,12.666666666666668,9.333333333333334,18.666666666666668,13.333333333333334,2.0,22.666666666666664,0.0199999999999999,-12.214955565673304,-15.658268232246012,4.38753833770752,1490,1490,54.66666666666666,29.33333333333333,16.666666666666664,1.0037545592705166,0.1213333333333333,33.38666666666666,15594.3521,2.993420645869413,0.7619024125734964,0.4009342118352652,85.442,0.743,56.00000000000001,19.33333333333333,4.0,0.0,0.0,0.0,7.333333333333333,13.333333333333334,0.0079528279136549,-0.0004472556905776,14.168297149294467,0.8888585390252308,92.56756756756756,5.405405405405405,2.027027027027027,806.8471409105824,0.1129408478022568,157.11658604921723,0.021992865231162,-49.737960948788086,74.9211,390.55569880202734,385.47265783533646,0.0539576910830708,274.8626712273733,0.0384747265542493,2654.7518701969257,0.3716068530481361,890.363158275929,0.1246312527476906,-57963.45299437859,2427.6042647968484,-41547.28353535468,3866.7987114199054,-61830.251705798495,340.67115774746696,0.0476864667752962,267.6707711294015,0.0374680187738172,3317.7688266346568,0.4644146395178758,2552.53911245312,0.3572993158078554,-68738.76068424678,2130.2302323862546,-51616.32804901882,3410.873945646711,-72149.63462989348
ovo_ogc_04_011_seq03,GMSKTKYRLGLLTQADPATEEKSLELAQKLIEKAKELAEKLGLEEVRFFDAEIEDGKVKRILRDGLEERLARLAEFLREAKEEGDKVFVLILSTGDREEAQRKAEEVRRIAEEIGADATVMLVETTPEDALKALEKAMEEIGEMIKEDEE,0.0,0.8401936292648311,1.817544817924499,1.29656790097627,4.5303869396448135,89.86912369728088,project/b8e657bb-b0b0-423e-9235-383a6d8f74e5/pools/ogc/designs/alphafold_initial_guess/ovo_ogc_04_011_seq03_af2_model_1_ptm_ft_3rec.pdb,14.77677378356092,------EEEEEE-------HHHHHHHHHHHHHHHHHHHHHH---EEEE--EEEE--EE-EE----HHHHHHHHHHHHHHHHHH--EEEEEEEE---HHHHHHHHHHHHHHHHHH---EEEEEEE--HHHHHHHHHHHHHHHHHHHHHHH-,24.0,54.0,22.0,project/b8e657bb-b0b0-423e-9235-383a6d8f74e5/pools/ogc/designs/rfdiffusion/ovo_ogc_04_011_backbone.pdb,project/b8e657bb-b0b0-423e-9235-383a6d8f74e5/pools/ogc/designs/rfdiffusion/ovo_ogc_04_011_backbone.trb,project/b8e657bb-b0b0-423e-9235-383a6d8f74e5/pools/ogc/designs/protein_mpnn/ovo_ogc_04_011_seq03.pdb,150,11.333333333333332,0.0,6.0,20.666666666666668,2.666666666666667,6.0,0.0,5.333333333333334,10.0,12.666666666666668,2.666666666666667,0.0,1.3333333333333337,2.0,7.333333333333333,2.0,4.666666666666667,4.666666666666667,0.0,0.6666666666666667,40.0,9.333333333333334,17.333333333333336,26.666666666666668,9.333333333333334,3.333333333333333,28.666666666666668,0.0333333333333333,-11.014254330845016,-14.44205848248981,4.6671861648559565,1490,1490,57.333333333333336,30.666666666666664,15.333333333333332,1.0152307497467072,-0.5793333333333334,52.04333333333333,16992.1509,3.0941502196170867,0.7557709045211474,0.3906945153682803,100.553,0.8829999999999999,52.0,22.666666666666664,4.666666666666667,0.0,2.0,0.0,6.0,12.666666666666668,0.0828681097087433,0.0314442021929447,15.314890803569709,0.960790934969188,90.54054054054052,8.108108108108109,1.351351351351351,956.6838718342324,0.1118308117627903,222.14400563611693,0.0259673495183886,-287.71345308901164,90.451965,-1149.7771198155265,451.9938601912161,0.0528354682096483,175.61350818639377,0.0205282034694933,3401.664632458715,0.3976349224569627,2508.8169475256555,0.2932661917547762,-64480.75524253648,2972.7292247450746,-48023.43695410449,4789.654905869312,-69270.41014840579,237.6433344542213,0.0277791314189069,59.11321623971762,0.0069099931049558,3961.875939056303,0.4631203842902286,3527.160941966405,0.4123047152471051,-76017.48221870941,1687.833228429527,-56584.56263838103,2946.594315592655,-78964.07653430206
ovo_ogc_04_019_seq01,RDWEALERRLLEAALEALKESQVEEEQLLERAKKALELAEEAERALDDEEETLALLIQLYLVLLDLDRLIARKGKVPEEVLKLRAEIEKRLKELMEKMSERVRFAAETLRSELEEALGSMPPSASLEEKEKVLEEVIRRVVEALKKRDEE,0.0,0.8359495401382441,1.033635377883911,1.443838851270013,4.431728035211563,90.195631980896,project/b8e657bb-b0b0-423e-9235-383a6d8f74e5/pools/ogc/designs/alphafold_initial_guess/ovo_ogc_04_019_seq01_af2_model_1_ptm_ft_3rec.pdb,15.145999502884507,--HHHHHHHHHHHHHHHHHH----HHHHHHHHHHHHHHHHHHHH----HHHHHHHHHHHHHHHHHHHHHHHH-----HHHHHHHHHHHHHHHHHHHH--HHHHHHHHHHHHHHHHH---------HHHHHHHHHHHHHHHHHHHHHHHH-,18.0,82.0,0.0,project/b8e657bb-b0b0-423e-9235-383a6d8f74e5/pools/ogc/designs/rfdiffusion/ovo_ogc_04_019_backbone.pdb,project/b8e657bb-b0b0-423e-9235-383a6d8f74e5/pools/ogc/designs/rfdiffusion/ovo_ogc_04_019_backbone.trb,project/b8e657bb-b0b0-423e-9235-383a6d8f74e5/pools/ogc/designs/protein_mpnn/ovo_ogc_04_019_seq01.pdb,150,11.333333333333332,0.0,4.0,23.33333333333333,0.6666666666666667,1.3333333333333337,0.0,2.666666666666667,8.666666666666668,19.33333333333333,2.0,0.0,2.0,2.0,10.0,4.0,1.3333333333333337,6.0,0.6666666666666667,0.6666666666666667,40.66666666666666,8.0,18.666666666666668,27.33333333333333,7.333333333333333,2.0,29.33333333333333,0.0199999999999999,-9.78966170703628,-13.43400417879436,4.758924293518065,6990,6990,64.66666666666666,31.33333333333333,11.333333333333334,1.0135680513340086,-0.5406666666666667,66.72466666666666,17475.911500000002,2.8304736266574904,0.747425128792723,0.3589174636639655,92.275,0.806,81.33333333333333,0.0,5.333333333333334,0.0,2.0,0.0,2.0,9.333333333333334,0.1339640342957572,0.0366427983586832,15.732541514376216,0.9869925593929678,94.5945945945946,4.72972972972973,0.6756756756756757,1079.8200742549311,0.1278265062781379,146.17867077042365,0.0173042798726059,-282.6511477056367,89.543045,-932.8171779504466,277.27578357859056,0.03282324114491,98.7350903828792,0.0116880228026951,3517.615089976527,0.4164068237879436,3369.445562416204,0.3988668710712959,-66472.09286984592,1956.87689423495,-49243.3758543357,3918.489183426496,-70390.58205327242,277.27578357859056,0.03282324114491,98.7350903828792,0.0116880228026951,3517.615089976527,0.4164068237879436,3369.445562416204,0.3988668710712959,-66472.09286984592,1956.87689423495,-49243.3758543357,3918.489183426496,-70390.58205327242
ovo_ogc_04_019_seq02,PDWEALRERLLRAAEEALRENQRDKSELLARAERALELAREAERALGDEQATLELLLRLYLELFDLERWIKEEGKVPEEVLRLLEELRRRLAELLERMSEEVRFAAETFRREADEALGSMPLSASLEEKLVVLREVVERVVAALRARAAA,0.0,0.820830941200256,1.088123679161071,1.239463996876885,4.031854063272476,90.3654932975769,project/b8e657bb-b0b0-423e-9235-383a6d8f74e5/pools/ogc/designs/alphafold_initial_guess/ovo_ogc_04_019_seq02_af2_model_1_ptm_ft_3rec.pdb,15.145999502884507,--HHHHHHHHHHHHHHHHHH----HHHHHHHHHHHHHHHHHHHH----HHHHHHHHHHHHHHHHHHHHHHHH-----HHHHHHHHHHHHHHHHHHHH--HHHHHHHHHHHHHHHHH---------HHHHHHHHHHHHHHHHHHHHHHHH-,18.0,82.0,0.0,project/b8e657bb-b0b0-423e-9235-383a6d8f74e5/pools/ogc/designs/rfdiffusion/ovo_ogc_04_019_backbone.pdb,project/b8e657bb-b0b0-423e-9235-383a6d8f74e5/pools/ogc/designs/rfdiffusion/ovo_ogc_04_019_backbone.trb,project/b8e657bb-b0b0-423e-9235-383a6d8f74e5/pools/ogc/designs/protein_mpnn/ovo_ogc_04_019_seq02.pdb,150,15.333333333333332,0.0,3.333333333333333,20.666666666666668,2.0,2.0,0.0,0.6666666666666667,2.666666666666667,20.0,1.3333333333333337,0.6666666666666667,2.0,1.3333333333333337,15.333333333333332,3.333333333333333,1.3333333333333337,6.0,1.3333333333333337,0.6666666666666667,44.0,7.333333333333333,18.0,24.0,8.0,4.0,26.0,0.04,-6.2823338508498665,-9.074801609867489,4.885561561584471,12490,12490,60.0,32.0,11.333333333333332,1.005659743329956,-0.4013333333333334,57.91733333333334,17445.7641,2.784808709194773,0.7519769564270973,0.3636739964348574,87.664,0.763,81.33333333333333,0.0,5.333333333333334,0.0,2.0,0.0,2.0,9.333333333333334,0.1234628677020846,0.0303988092122187,15.481816150268502,0.9712631193276564,95.94594594594594,3.3783783783783785,0.6756756756756757,1482.1087558117144,0.1855662353309255,530.8021392092729,0.066458655137437,-55.23764753376017,84.52068,693.336953035285,327.3616201963782,0.0409870484965891,142.14170207110465,0.0177967375426636,1640.6000563756577,0.2054100112097379,658.2222201350919,0.0824121839390508,-34235.83575024217,2015.117987328209,-21321.97105879046,4212.961445162097,-38448.79719540428,102.41871623611269,0.0128232530337849,54.97606936531895,0.0068832345706147,2188.9726855045446,0.2740685654129605,773.247292199579,0.0968138056203054,-46075.70206110004,834.2256845205673,-28485.311401397783,2096.501079908171,-48172.203141008205
ovo_ogc_04_072_seq01,MTVFFTFAGAEPENTELAAELAREALREVAAQAKATGGRVVVDLQATTPEEAERLLEEAARIMEGVSDVYVTADTPAQRAAVERIAARYGFFHLAGSKVELAAQAAREGHEITLLSIGNERAAEKMDRVLAAARAAAPRPLRITVRRRRI,0.0,0.8305529356002801,1.699750542640686,1.393985775432076,4.457361325621605,89.296555519104,project/b8e657bb-b0b0-423e-9235-383a6d8f74e5/pools/ogc/designs/alphafold_initial_guess/ovo_ogc_04_072_seq01_af2_model_1_ptm_ft_3rec.pdb,14.08815215353825,-EEEEEEEE-----HHHHHHHHHHHHHHHHHHHHHH--EEEEE-----HHHHHHHHHHHHHH------EEEE---HHHHHHHHHHHHHH--EEE---HHHHHHHHHHH--EEEEEEEE-HHHHHHHHHHHHHHHHH------EEEEEEE-,24.666666666666668,52.0,23.33333333333333,project/b8e657bb-b0b0-423e-9235-383a6d8f74e5/pools/ogc/designs/rfdiffusion/ovo_ogc_04_072_backbone.pdb,project/b8e657bb-b0b0-423e-9235-383a6d8f74e5/pools/ogc/designs/rfdiffusion/ovo_ogc_04_072_backbone.trb,project/b8e657bb-b0b0-423e-9235-383a6d8f74e5/pools/ogc/designs/protein_mpnn/ovo_ogc_04_072_seq01.pdb,150,22.0,0.0,2.666666666666667,12.0,3.333333333333333,5.333333333333334,1.3333333333333337,4.0,2.0,8.0,2.0,1.3333333333333337,3.333333333333333,2.666666666666667,12.0,2.0,6.666666666666667,8.0,0.0,1.3333333333333337,47.333333333333336,14.000000000000002,15.333333333333332,14.666666666666666,12.0,4.666666666666667,18.666666666666668,0.0466666666666666,2.092795095652896,-1.6328790928923809,6.181035804748535,2980,2980,46.0,31.333333333333336,14.666666666666666,1.001240797028031,-0.1213333333333333,35.58266666666666,16255.3172,3.12816106035163,0.7546088936924934,0.3790425942388052,78.998,0.683,52.66666666666666,22.666666666666664,4.0,0.0,0.0,0.0,6.666666666666667,14.000000000000002,0.0596690768563364,0.0097146181688098,14.522386747102498,0.9110726102911876,90.54054054054052,6.756756756756757,2.702702702702702,940.4313129696724,0.1297319907308961,222.88221965680955,0.0307464815939526,-12.476405750531711,76.777176,470.3867177597069,1372.4852745748085,0.1893336009380331,397.5716469428817,0.0548447935588086,669.6272200844987,0.0923747126569353,415.3971181633447,0.0573038076678183,11950.480218090106,16000.257240914909,-9243.260647791183,27753.47712765324,-15802.996909563131,724.6667412143642,0.0999673848134004,307.304653640508,0.042392510678701,1051.939001290079,0.1451144159948167,761.5715232958248,0.1050583795313444,-4469.802736344576,8979.634167306847,-12911.743900147569,17696.21147365813,-22166.014210002708
ovo_ogc_05_013_seq01,EEQQKAIIERLKKELEKRVGSVLVLEAGSKTTGIIAAEIANYALEMGFKAVHILTDGEEVTELVRELTPPSVTVETLPASITPEEKPVLVMERTVALMRETGAPGVVISFQPIRTEKDREDFEIIARGFEEQLARLAPEYPIEVHLNAVR,0.0,0.8738572597503661,0.62361192703247,1.470409483817934,3.26517403870821,93.47299933433531,project/b8e657bb-b0b0-423e-9235-383a6d8f74e5/pools/ogc/designs/alphafold_initial_guess/ovo_ogc_05_013_seq01_af2_model_1_ptm_ft_3rec.pdb,14.09321531200504,-HHHHHHHHHHHHHHH-----EEEEE---HHHHHHHHHHHHHHHHH----EEEEE--HHHHHHHHHH-----EEEE------HHHHHHHHHHHHHHHHHHH---EEEEE--E---HHHHHHHHHHHHHHHHHHHHH------EEEE--E-,28.666666666666668,54.66666666666666,16.666666666666664,project/b8e657bb-b0b0-423e-9235-383a6d8f74e5/pools/ogc/designs/rfdiffusion/ovo_ogc_05_013_backbone.pdb,project/b8e657bb-b0b0-423e-9235-383a6d8f74e5/pools/ogc/designs/rfdiffusion/ovo_ogc_05_013_backbone.trb,project/b8e657bb-b0b0-423e-9235-383a6d8f74e5/pools/ogc/designs/protein_mpnn/ovo_ogc_05_013_seq01.pdb,150,9.333333333333334,0.0,2.0,16.0,2.666666666666667,5.333333333333334,1.3333333333333337,8.0,5.333333333333334,9.333333333333334,2.0,1.3333333333333337,6.0,2.666666666666667,6.666666666666667,3.333333333333333,7.333333333333333,10.0,0.0,1.3333333333333337,42.0,16.0,13.333333333333334,18.0,16.0,4.0,22.0,0.0399999999999999,-5.4262516684725774,-9.257535853245432,4.862314414978028,2980,2980,42.0,38.66666666666666,18.0,1.003836288416076,-0.118,47.52533333333332,16675.0089,3.254694916303664,0.7080687862634659,0.3194547840196173,96.719,0.847,54.66666666666666,19.33333333333333,8.0,0.0,0.0,0.0,6.0,10.666666666666668,0.0253621483131698,-0.007228721724417,14.56830361364674,0.9139532386746178,93.91891891891892,5.405405405405405,0.6756756756756757,961.1512419177204,0.1283358817271903,230.13835169703583,0.0307287833550025,-53.15407734717356,78.62087,165.0091145088953,539.9256525998178,0.0720925403532465,284.4733643770936,0.0379837620272875,1871.2888454360248,0.249860264932006,840.9368001256012,0.112284478253007,-32876.47289170663,5012.953103470367,-24910.2744975067,8795.165948619178,-41671.63884032581,299.3358720090417,0.0399682499397387,144.6573694143553,0.0193150986467917,2391.777891441272,0.3193575695551068,1155.033280494186,0.1542236101996941,-44418.87175948677,3012.0330789929494,-31909.782561332715,5706.29001807718,-50125.16177756395
ovo_ogc_05_013_seq03,EEELRRIEEELIRELEKRVGSVLVLSAGSRTTGILAARIANRALELGFRRILILTDGEEVTELVRRLVGEEVEVETLPASITPEEKPRLIFDRAVALMEETGAPGVIILFQPVRTEEDREAWEVIERATAERLAELAPRYPIEVFLNRVR,0.0,0.8870525956153871,0.6467131376266481,1.446892271405615,2.855163343250751,95.01593112945557,project/b8e657bb-b0b0-423e-9235-383a6d8f74e5/pools/ogc/designs/alphafold_initial_guess/ovo_ogc_05_013_seq03_af2_model_1_ptm_ft_3rec.pdb,14.09321531200504,-HHHHHHHHHHHHHHH-----EEEEE---HHHHHHHHHHHHHHHHH----EEEEE--HHHHHHHHHH-----EEEE------HHHHHHHHHHHHHHHHHHH---EEEEE--E---HHHHHHHHHHHHHHHHHHHHH------EEEE--E-,28.666666666666668,54.66666666666666,16.666666666666664,project/b8e657bb-b0b0-423e-9235-383a6d8f74e5/pools/ogc/designs/rfdiffusion/ovo_ogc_05_013_backbone.pdb,project/b8e657bb-b0b0-423e-9235-383a6d8f74e5/pools/ogc/designs/rfdiffusion/ovo_ogc_05_013_backbone.trb,project/b8e657bb-b0b0-423e-9235-383a6d8f74e5/pools/ogc/designs/protein_mpnn/ovo_ogc_05_013_seq03.pdb,150,9.333333333333334,0.0,2.0,18.666666666666668,2.666666666666667,5.333333333333334,0.0,8.0,1.3333333333333337,12.666666666666668,0.6666666666666667,1.3333333333333337,4.666666666666667,0.6666666666666667,13.333333333333334,2.666666666666667,6.0,9.333333333333334,0.6666666666666667,0.6666666666666667,44.66666666666666,11.333333333333332,14.666666666666666,20.666666666666668,14.000000000000002,4.0,22.666666666666664,0.0399999999999999,-6.601187766359619,-9.309017725500883,4.810249900817872,6990,6990,42.66666666666666,40.0,16.0,1.0007389395474502,-0.1306666666666666,65.99133333333334,17069.4081,3.1158012022385124,0.7624262642860412,0.3559047211578581,86.676,0.754,54.66666666666666,19.33333333333333,8.0,0.0,0.0,0.0,6.0,10.666666666666668,0.0231341016988539,-0.0058317961935573,14.707601734764635,0.9226922087231092,93.91891891891892,5.405405405405405,0.6756756756756757,1060.6072006789086,0.1363593582632556,326.97859005656875,0.0420387403342136,-103.4492807644326,82.12593,172.77913500138112,555.8354944830942,0.0714622447208898,365.2217071899757,0.0469555529929998,1932.4112888007792,0.248444818282276,533.2200984947036,0.0685546452987169,-38000.82225944927,3453.610452889772,-25863.74371926473,5793.115199132978,-43793.93745858224,539.126536475975,0.0693140198270365,362.429612463802,0.0465965810335151,2192.505681432218,0.281884440834708,1069.8575193817285,0.1375486463627892,-43411.72958060889,3288.7250452884264,-30259.91830842917,5463.844296634877,-48875.57387724377
ovo_ogc_05_042_seq01,MHVLISASKKAAERIRKALKELGVEAEILDDEESKDVEDAARRMADAVLRLLRPGDRVGIIAVGGESAIEKARILAARLREAGHTVTEHYIRISPRKLSEEEFQALKDKVIAIVKELLEEGVDGIVLILQGDDDSSADIAIAVIKTIAEL,0.0,0.854433000087738,0.868552088737487,1.399911749263895,4.169297114014625,90.6566560268402,project/b8e657bb-b0b0-423e-9235-383a6d8f74e5/pools/ogc/designs/alphafold_initial_guess/ovo_ogc_05_042_seq01_af2_model_1_ptm_ft_3rec.pdb,14.048237293795973,-EEEEEE-HHHHHHHHHHHHHH----EEEEHHH---HHHHHHHHHHHHHHH-----EEEEEEEE-HHHHHHHHHHHHHHHHH--EEEEEEEE-------HHHHHHHHHHHHHHHHHHHHH---EEEEE----HHHHHHHHHHHHHHHHH-,21.333333333333336,57.99999999999999,20.666666666666668,project/b8e657bb-b0b0-423e-9235-383a6d8f74e5/pools/ogc/designs/rfdiffusion/ovo_ogc_05_042_backbone.pdb,project/b8e657bb-b0b0-423e-9235-383a6d8f74e5/pools/ogc/designs/rfdiffusion/ovo_ogc_05_042_backbone.trb,project/b8e657bb-b0b0-423e-9235-383a6d8f74e5/pools/ogc/designs/protein_mpnn/ovo_ogc_05_042_seq01.pdb,150,14.000000000000002,0.0,8.0,12.0,0.6666666666666667,6.0,2.0,11.333333333333332,7.333333333333333,10.666666666666668,1.3333333333333337,0.0,1.3333333333333337,1.3333333333333337,8.0,5.333333333333334,2.0,8.0,0.0,0.6666666666666667,50.0,9.333333333333334,17.333333333333336,20.0,12.666666666666668,1.3333333333333337,21.333333333333336,0.0133333333333333,-2.882059155605233,-7.610069217747053,5.093421745300293,1490,1490,45.33333333333333,33.33333333333333,20.666666666666668,1.006613981762918,-0.02,45.93333333333332,16371.686000000002,3.10374845415577,0.7514516481757164,0.3597195226562326,92.382,0.807,56.00000000000001,20.666666666666668,5.333333333333334,0.0,0.0,0.0,5.333333333333334,10.0,0.0358859114183771,0.0105602209791795,14.643986380987926,0.9187012527301828,92.56756756756756,4.72972972972973,2.702702702702702,1193.3960263885288,0.1563031897832663,261.01511036057326,0.0341860484104767,-100.7677976528648,80.17827,-20.818203057374543,441.7163852780784,0.0578531170473499,237.63540303398548,0.0311239275800567,1310.46253837738,0.1716357942465405,609.1458983910717,0.0797819373088145,-19677.26870921713,4743.697467791015,-16297.267117336694,9686.439936428147,-29363.70864564528,267.6533906122371,0.0350554868492407,146.71899346625622,0.0192162921389684,1896.3740407558432,0.2483746426484409,1084.0925604166428,0.1419873382067584,-35588.66863530588,2913.5818690800666,-25268.36883315344,6426.307253597312,-42014.9758889032
ovo_ogc_05_042_seq05,MHILVQASREAVERIEAHLAEKGIEATLLRDEDFADVEDAARALADAVLALLKPGDRVALIGVGGEAARRKVEILAARLRAAGHTVTVHHFDISPEKPSEEEAAALIAEVTAVVLALIEEGVDGLVLVGQGDPDFVADMFIAVIDAVAAY,0.0,0.8741655945777891,0.717750132083892,1.386422411815333,3.096460692584514,93.85938048362732,project/b8e657bb-b0b0-423e-9235-383a6d8f74e5/pools/ogc/designs/alphafold_initial_guess/ovo_ogc_05_042_seq05_af2_model_1_ptm_ft_3rec.pdb,14.048237293795973,-EEEEEE-HHHHHHHHHHHHHH----EEEEHHH---HHHHHHHHHHHHHHH-----EEEEEEEE-HHHHHHHHHHHHHHHHH--EEEEEEEE-------HHHHHHHHHHHHHHHHHHHHH---EEEEE----HHHHHHHHHHHHHHHHH-,21.333333333333336,57.99999999999999,20.666666666666668,project/b8e657bb-b0b0-423e-9235-383a6d8f74e5/pools/ogc/designs/rfdiffusion/ovo_ogc_05_042_backbone.pdb,project/b8e657bb-b0b0-423e-9235-383a6d8f74e5/pools/ogc/designs/rfdiffusion/ovo_ogc_05_042_backbone.trb,project/b8e657bb-b0b0-423e-9235-383a6d8f74e5/pools/ogc/designs/protein_mpnn/ovo_ogc_05_042_seq05.pdb,150,20.0,0.0,8.0,10.666666666666668,2.666666666666667,6.666666666666667,3.333333333333333,6.666666666666667,2.666666666666667,10.666666666666668,1.3333333333333337,0.0,2.666666666666667,1.3333333333333337,6.0,2.0,2.666666666666667,12.0,0.0,0.6666666666666667,56.00000000000001,6.666666666666667,12.0,18.666666666666668,11.333333333333332,3.333333333333333,20.0,0.0333333333333333,-9.54301891692868,-15.521443353903528,4.541458320617676,1490,1490,45.33333333333333,35.333333333333336,19.33333333333333,0.9973774907125972,0.376,41.87466666666665,15822.877800000002,3.0159802595029506,0.7412269396583239,0.3252125991547169,79.777,0.69,56.00000000000001,20.666666666666668,5.333333333333334,0.0,0.0,0.0,5.333333333333334,10.0,0.034416348326144,0.0071897231199185,14.44398885328098,0.9061542607795584,92.56756756756756,4.72972972972973,2.702702702702702,1349.0039485898374,0.1876530460173075,505.9774886856681,0.0703839429582887,45.8588812267955,75.62897,1043.09732855017,444.18580031446,0.0617884169381236,191.03841803970056,0.0265743781468925,2616.6917564100945,0.3639946192092502,2032.657664441109,0.2827526210294103,-48763.36527631013,3779.844452630464,-38037.157983402176,6973.726189848613,-55737.091466158745,61.69440799388894,0.0085819938439689,24.46016991874012,0.0034025292484507,4270.7737626452745,0.5940855149081962,4227.528158153092,0.5880698398478668,-80908.23020764848,530.5818109297667,-60996.7459397241,1265.9030857640214,-82174.1332934125
ovo_ogc_05_052_seq03,ELEALRAAYDAALAERTAILKAGLERLKKEGEKQELVDALVAQLAAADDRAYAALAAYLELRLAELEARLAALRAAGDAAGAAALLAAAKAEWEALQAEQQQLQVEKQKLIDEYKEAGLSQWAIDKIRATEAEAQVRYTALLKETGARLA,0.0,0.8332609534263611,0.6287816166877741,1.49570688047429,3.386466883122921,93.77462267875671,project/b8e657bb-b0b0-423e-9235-383a6d8f74e5/pools/ogc/designs/alphafold_initial_guess/ovo_ogc_05_052_seq03_af2_model_1_ptm_ft_3rec.pdb,19.208269623343657,-HHHHHHHHHHHHHHHHHHHHHHHHHHHH----HHHHHHHHHHHHHHHHHHHHHHHHHHHHHHHHHHHHHHHHHHH--HHHHHHHHHHHHHHHHHHHHHHHHHHHHHHHHHHHHHHH---HHHHHHHHHHHHHHHHHHHHHHHHHHHHH-,7.333333333333333,92.66666666666666,0.0,project/b8e657bb-b0b0-423e-9235-383a6d8f74e5/pools/ogc/designs/rfdiffusion/ovo_ogc_05_052_backbone.pdb,project/b8e657bb-b0b0-423e-9235-383a6d8f74e5/pools/ogc/designs/rfdiffusion/ovo_ogc_05_052_backbone.trb,project/b8e657bb-b0b0-423e-9235-383a6d8f74e5/pools/ogc/designs/protein_mpnn/ovo_ogc_05_052_seq03.pdb,150,28.666666666666668,0.0,4.666666666666667,12.666666666666668,0.0,4.0,0.0,2.666666666666667,6.666666666666667,16.666666666666664,0.0,0.0,0.0,6.666666666666667,6.666666666666667,0.6666666666666667,2.666666666666667,2.666666666666667,1.3333333333333337,3.333333333333333,54.66666666666666,13.333333333333334,13.333333333333334,17.333333333333336,4.666666666666667,4.666666666666667,24.0,0.0466666666666666,-4.200988283059626,-6.3471345670131605,4.88874454498291,18450,18450,64.66666666666667,29.33333333333333,9.333333333333334,1.0035985309017224,-0.114,21.68399999999999,16158.1957,2.7221433096379832,0.7649373923738797,0.358057886880512,85.621,0.744,93.33333333333331,0.0,1.3333333333333337,0.0,0.0,0.0,0.0,5.333333333333334,0.5231917851159833,0.7525909590624636,18.831801583697384,1.18142691859987,97.2972972972973,1.351351351351351,1.351351351351351,1337.1762929735853,0.1628072230720684,404.7154739680001,0.0492759277869785,7.891328971211344,86.976166,814.09338197008,514.2169933158713,0.0626082298782417,247.92466298400183,0.0301859419162624,1225.5570576986584,0.1492170795494613,499.9227989374449,0.0608678474731448,-27695.50326986921,3804.018052225419,-18352.50362432441,7288.978294164308,-34984.481564033515,373.4193951027751,0.0454654895374632,168.15579873853903,0.0204737242052106,1407.2502080596628,0.1713390371529045,516.78805128901,0.0629212677410602,-34198.21356663304,2522.6646480235163,-21573.66683031674,5236.01959681895,-39434.23316345199
ovo_ogc_05_052_seq07,KLEKLKKEYEEAKKKLVEILKEGRERLKREGDKEELVEELVKKIADADEKAYKALKEILELKLKQLEEELKRLKEAGDEEGAEELKEKAKKEWEELKKEEEKFWEEKQKLVEEYRKDGHSEWAIKKIEETLEKSQVKIKSLLKETEKKLE,0.0,0.7896520495414731,0.6775609850883481,1.240706343108739,3.826923549175262,93.65981221199036,project/b8e657bb-b0b0-423e-9235-383a6d8f74e5/pools/ogc/designs/alphafold_initial_guess/ovo_ogc_05_052_seq07_af2_model_1_ptm_ft_3rec.pdb,19.208269623343657,-HHHHHHHHHHHHHHHHHHHHHHHHHHHH----HHHHHHHHHHHHHHHHHHHHHHHHHHHHHHHHHHHHHHHHHHH--HHHHHHHHHHHHHHHHHHHHHHHHHHHHHHHHHHHHHHH---HHHHHHHHHHHHHHHHHHHHHHHHHHHHH-,7.333333333333333,92.66666666666666,0.0,project/b8e657bb-b0b0-423e-9235-383a6d8f74e5/pools/ogc/designs/rfdiffusion/ovo_ogc_05_052_backbone.pdb,project/b8e657bb-b0b0-423e-9235-383a6d8f74e5/pools/ogc/designs/rfdiffusion/ovo_ogc_05_052_backbone.trb,project/b8e657bb-b0b0-423e-9235-383a6d8f74e5/pools/ogc/designs/protein_mpnn/ovo_ogc_05_052_seq07.pdb,150,6.0,0.0,3.333333333333333,27.33333333333333,0.6666666666666667,3.333333333333333,0.6666666666666667,4.0,24.666666666666668,14.000000000000002,0.0,0.0,0.0,2.0,3.333333333333333,2.0,1.3333333333333337,3.333333333333333,2.0,2.0,30.666666666666664,7.333333333333333,28.666666666666668,30.666666666666664,5.333333333333334,4.666666666666667,32.666666666666664,0.0466666666666666,0.417485479827711,-4.455993883149951,5.55313549041748,20970,20970,72.0,27.333333333333336,8.666666666666668,1.0356996791624455,-1.3806666666666667,37.36400000000001,18066.5874,2.7151979058547937,0.7680985466390848,0.380685138067541,92.169,0.805,93.33333333333331,0.0,1.3333333333333337,0.0,0.0,0.0,0.0,5.333333333333334,0.4898745441489937,0.6806709631735186,19.34215327111954,1.213444206950835,97.2972972972973,1.351351351351351,1.351351351351351,1082.9265337186484,0.106800008816994,231.3250486557573,0.022813659529784,-593.5565217809867,106.40057,-2986.9494578872545,1020.4491682808948,0.1006383875325827,343.2354948237078,0.0338504531305548,1863.029575862539,0.1837350632135624,1267.688112681884,0.1250215018249786,-8125.751777234112,12859.935268347088,-20694.07429001167,24731.15178519228,-32856.903562426385,896.1752764811102,0.0883822904413395,342.272065005516,0.0337554380857908,2387.7412569573844,0.2354829984819659,1286.8285045721675,0.1269091589826839,-18837.33884888498,10857.492269462558,-25661.0097614334,20870.91236620784,-39708.251215092816
ovo_ogc_05_059_seq08,ARLARIGIFTDDPSAAEQLFVDTLTARFRAAGVGEVTVFTLPGMRPLDKIEVITAEIKKHGLTALVILQDSGGTSPEDVVAMVRGILEKGGVEVIAVIVDGDDRLAEALAELENVLVYKLSKDPAAVRATAERLADDILARLREAGVVLG,0.0,0.830948114395141,1.19059157371521,1.47216597025865,4.657441973686218,87.87293434143066,project/b8e657bb-b0b0-423e-9235-383a6d8f74e5/pools/ogc/designs/alphafold_initial_guess/ovo_ogc_05_059_seq08_af2_model_1_ptm_ft_3rec.pdb,13.981476592129557,--E--EEEEE----HHHHHHHHHHHHHHHHH----EEEEE-----HHHHHHHHHHHHHHH---EEEEEEE-----HHHHHHHHHHHHHHH---EEEEEEE---HHHHHH-----EEEEE----HHHHHHHHHHHHHHHHHHHHHH--E--,29.33333333333333,50.0,20.666666666666668,project/b8e657bb-b0b0-423e-9235-383a6d8f74e5/pools/ogc/designs/rfdiffusion/ovo_ogc_05_059_backbone.pdb,project/b8e657bb-b0b0-423e-9235-383a6d8f74e5/pools/ogc/designs/rfdiffusion/ovo_ogc_05_059_backbone.trb,project/b8e657bb-b0b0-423e-9235-383a6d8f74e5/pools/ogc/designs/protein_mpnn/ovo_ogc_05_059_seq08.pdb,150,14.000000000000002,0.0,8.0,8.0,2.666666666666667,8.666666666666668,0.6666666666666667,6.666666666666667,4.0,12.0,1.3333333333333337,0.6666666666666667,3.333333333333333,1.3333333333333337,7.333333333333333,2.666666666666667,6.0,12.0,0.0,0.6666666666666667,53.333333333333336,11.333333333333332,12.0,16.0,15.333333333333332,3.333333333333333,18.0,0.0333333333333333,-4.852782604579691,-7.354579768992394,4.750455284118652,1490,1490,39.333333333333336,40.0,23.33333333333333,0.998089074636947,0.3146666666666667,24.395333333333323,15888.1632,3.2570749034432924,0.7437994650999705,0.3975479297495136,85.442,0.743,47.333333333333336,20.666666666666668,4.666666666666667,1.3333333333333337,0.0,3.333333333333333,7.333333333333333,12.666666666666668,0.0385875087030504,-0.0033413496394984,14.210108643630342,0.8914816138646584,91.2162162162162,5.405405405405405,3.3783783783783785,1045.0401935986747,0.1459234099740781,251.2373342971476,0.0350813382662257,3.748883167156009,75.33681,520.1373921503568,398.58385155700927,0.0556559595851647,92.86940885062164,0.0129677508145335,1578.525304216122,0.220416206508172,675.2194467680691,0.0942837651190339,-25325.25031189062,3411.720772290046,-19574.87469738464,7723.272184824508,-33048.52249671513,302.857365146645,0.0422892628711032,75.79777201624336,0.0105839655056325,1676.0073601558977,0.2340280408674145,683.6865554360428,0.0954660635387694,-30423.009196197483,2253.783616892438,-21160.952913731384,5321.198424555842,-35744.207620753325
ovo_ogc_05_080_seq03,SKKEALFKAIDEFMEKVRELAKGADLVAVLVTVDGEDSEEEIERIRAKMAELQAETGAELLLRLVASTGVTNEEKAAIIIAALEALVAEALARAAARRAAGEPVRVLIVSLGVQRGGDTTALDAVEKHVEELRKTLPPEWSIHHISTVLP,0.0,0.8300127983093261,0.915411174297332,1.376401306048789,4.193268820643425,89.58948850631714,project/b8e657bb-b0b0-423e-9235-383a6d8f74e5/pools/ogc/designs/alphafold_initial_guess/ovo_ogc_05_080_seq03_af2_model_1_ptm_ft_3rec.pdb,15.151809258684445,-HHHHHHHHHHHHHHHHHHHH----EEEEEEEEE----HHHHHHHHHHHHHHHHHH--EEEEEEEEE----HHHHHHHHHHHHHHHHHHHHHHHHHHHH------EEEEEEEEE-----HHHHHHHHHHHHHH-------EEEEEEEE--,23.33333333333333,53.333333333333336,23.33333333333333,project/b8e657bb-b0b0-423e-9235-383a6d8f74e5/pools/ogc/designs/rfdiffusion/ovo_ogc_05_080_backbone.pdb,project/b8e657bb-b0b0-423e-9235-383a6d8f74e5/pools/ogc/designs/rfdiffusion/ovo_ogc_05_080_backbone.trb,project/b8e657bb-b0b0-423e-9235-383a6d8f74e5/pools/ogc/designs/protein_mpnn/ovo_ogc_05_080_seq03.pdb,150,16.666666666666664,0.0,4.0,14.000000000000002,1.3333333333333337,5.333333333333334,2.0,6.0,6.0,12.0,1.3333333333333337,0.6666666666666667,2.666666666666667,1.3333333333333337,6.666666666666667,4.0,5.333333333333334,10.0,0.6666666666666667,0.0,50.0,11.333333333333332,14.666666666666666,18.0,12.666666666666668,2.0,20.0,0.0199999999999999,-3.8472306488131096,-8.63347899576869,4.996170234680174,5500,5500,50.0,35.333333333333336,16.666666666666664,1.0021256332320163,0.0713333333333333,38.15999999999999,16155.4037,3.043917096171437,0.7164324574669202,0.2703396551349821,92.355,0.807,55.333333333333336,22.666666666666664,3.333333333333333,0.0,0.0,0.0,6.666666666666667,12.0,0.1239608036078104,0.030377692139739,15.287789874020678,0.9590907382277346,93.91891891891892,6.081081081081082,0.0,1122.26843102475,0.1464870605315574,278.0596488683288,0.036294472417767,-61.71051885114052,80.57146,210.129482244784,449.53591585281976,0.0586768665109041,322.117244738091,0.0420452068540513,1379.0873599005731,0.180009031692709,518.428978594248,0.0676693160648785,-28317.67276995946,3732.181123332522,-18983.29447532297,6585.178134924562,-34902.85090488401,206.46264722528792,0.02694908407428,166.00793508361096,0.0216686255828357,2004.2359429032613,0.2616082068881775,848.1870652827689,0.11071186405975,-39951.60372913134,2014.412892081736,-26050.859920992058,4002.608523719385,-43954.21225285073
ovo_ogc_06_068_seq07,MVVGFFDAEDTEELRAALEAALKAGKGVFLSVYVDKGKRIEQTERVARVIADVLKAAGDKRKVYLAADLDEEADAFEKAFAEAGAEVERVTTLDELAAAMERAERDGDIIVMFQSADEVRTPEEDKAAAKAKAEEKLEATRARVAERRAA,0.0,0.8382573127746581,0.97771817445755,1.4366181997172172,4.405052155256271,89.16136026382446,project/b8e657bb-b0b0-423e-9235-383a6d8f74e5/pools/ogc/designs/alphafold_initial_guess/ovo_ogc_06_068_seq07_af2_model_1_ptm_ft_3rec.pdb,14.614515851104263,-EEEEEE---HHHHHHHHHHHHHH---EEEEEEE----HHHHHHHHHHHHHHHHHHH-----EEEE---HHHHHHHHHHHHHH---EEE---HHHHHHHHHHHHHH--EEEEEEE------HHHHHHHHHHHHHHHHHHHHHHHHHHHH-,22.666666666666664,59.333333333333336,18.0,project/b8e657bb-b0b0-423e-9235-383a6d8f74e5/pools/ogc/designs/rfdiffusion/ovo_ogc_06_068_backbone.pdb,project/b8e657bb-b0b0-423e-9235-383a6d8f74e5/pools/ogc/designs/rfdiffusion/ovo_ogc_06_068_backbone.trb,project/b8e657bb-b0b0-423e-9235-383a6d8f74e5/pools/ogc/designs/protein_mpnn/ovo_ogc_06_068_seq07.pdb,150,22.0,0.0,8.666666666666668,14.666666666666666,4.0,4.666666666666667,0.0,2.666666666666667,8.0,6.666666666666667,2.0,0.0,0.6666666666666667,1.3333333333333337,8.666666666666668,1.3333333333333337,4.0,9.333333333333334,0.0,1.3333333333333337,45.33333333333333,8.0,16.666666666666664,23.33333333333333,6.666666666666667,5.333333333333334,24.666666666666668,0.0533333333333333,-7.774252245681865,-10.720055316928764,4.722149467468261,2980,2980,53.333333333333336,28.000000000000004,15.333333333333332,1.0118323201621076,-0.3393333333333333,28.57266666666666,16377.2402,3.046117976907885,0.7586889079213143,0.3556386760342866,107.266,0.945,59.333333333333336,18.666666666666668,4.0,0.0,0.0,0.0,4.666666666666667,13.333333333333334,0.0469789743345105,-0.0149490323885377,14.943168802369277,0.9374706819120304,93.91891891891892,4.054054054054054,2.027027027027027,867.7649135649572,0.1098533785860578,471.1897805272844,0.0596495531646897,-219.27330527420625,83.43323,-835.3071189399456,439.3092319834383,0.0556136836406147,243.69395346856427,0.0308500651628517,1840.4085128251595,0.2329837147734045,705.466479684856,0.0893074553501094,-34791.66209666545,3988.0510229728898,-25540.084527087583,7476.146223766663,-42267.80832043211,329.3895916990368,0.0416985740649131,231.5797264214288,0.0293164830263958,2862.4526119438387,0.3623678320579832,1618.89759571799,0.2049418773384812,-50925.35975465413,2947.7487923404083,-37039.67054768425,5474.511047097751,-56399.87080175187
